reviewAt,code,nickname,comment,avgScore,helpfulCount
2023.07.23,68173,das**,"화장실에서 하수구 냄새가 너무 심했어요…
그것만 아니면 .. 직원분들 모두 너무 친절하시고
청소도 잘되어있고.. 근데 화장실에서 하수구냄새가 너무 올라와서 .. 그것만 개선되면 좋겠어요.",4.0,0
2023.01.20,68173,tht**,"서울 일정을 보고 새벽4시에나 도착했는데 직원분이 앉아계셨고 나름 주위 보다 고급진분위기였어요.
안의 화장실이 맘에 들었고 간단하게 있을거있고 
꿀잠을 잘 만큼 침대가 좋았나봐요^^",5.0,0
2022.12.25,68173,cho**,"침구도 깔끔하고 욕조도 좋고 샤워기도 2대 있어서 좋았습니다. 1층 로비도 깔끔해서 잠시 쉬는 공간도 있고 부담 없이 쉬는 진짜 로비 느낌이어서 좋네요.
여자친구랑 부담없이 쉬어가고 호텔같은 느낌이라 너무 좋았습니다 :) 침구도 너무 폭신하고 방에 문도 두꺼워서 방음도 좋은거 같아요 :) 잘 쉬다갑니다 !",5.0,0
2022.01.27,68173,sup**,"강남에 업무차 방문했는데 헐. 입구부터 프론트 내부까지 너무도 엔틱하고 깨끗하고 직원분들 모두가 친절하시고 감탄이 절로 나옵니다.
객실내부는 특히 바닥이 어둡고 칙칙한 장판이 아니고 화이트 베이지색의 대리석계열인데 먼지하나 보이지 않고 청결 그 자체입니다.
특급호텔 못지않게 칭찬하고픈 호텔급입니다.
조용하고 방음도 완벽하구요. 
강남 역삼권에서는 단연코 1등수준의 호텔입니다.
늘 건승하시길 바래요^^ 
감사합니다",5.0,1
2018.12.02,68173,Lch**,"전 항상 리치웰만 이용합니다.
다만 아쉬운점은 데일리호텔 통해 이용하는데
스트커 적립이 안되네요 어느날은되고
깔끔하구 다좋은데 스티커 적립이 안되는점 
새벽늦게 잡아도 12시체크아웃인데 11시30분부터 콜오는것이 좀 아쉽네요..조금 배려가있다면 넘좋을거 같아요",5.0,3
2018.08.04,68173,art**,휴가 막바지라 특별한 휴가를 찾다 나 홀로 호캉스를 계획했어요. 방 안에 있는 욕조를 찾다보니 오게되었는데 창가에 위치한 큰 욕조가 가장 맘에 들었어요. 일단 대리석으로 만든 방 전체의 느낌이 굉장하 고풍스러웠고 넓은 방이 휴가를 편히 즐기기 좋았습니다. 다만 욕조가 크다보니 물을 받는데에 시간이 좀 오래걸리더라구요 ㅎㅎ만족하고 돌아왔습니다!,4.5,0
2017.10.16,68173,dms**,"접근성 좋고 차를 넣다 뺐다 3번을 반복해도 친절히 도와주셨는데 정말 감사합니다~~~~
잘 묵다 가요!
특히 침구가....... 잠에서 헤어나올수없는.... 그런 마성의 침구 ㅋㅋㅋ",5.0,0
2017.09.20,68173,gum**,"도착하자마자 발렛 바로 튀어나오셔서 깜놀
그리고 프런트 스텝의 친절  게다가 특급호텔같은
와인 칠링서비스와 와인잔제공  깨끗한 침구
편안하구 럭셔리한 방 인테리어 
안정된수압  정말 나무랄데없는 투숙이었습니다 
다시한번감사드립니다 ",5.0,0
2017.07.20,68173,voc**,"침구는 편안하고 전체적으로도 깨끗했어요 ㅎ
다만 전 객실 금연이라 주변보다 비싸도 선택했는데...
민감한 제겐 담배냄새가 나더라구요ㅜㅜ
누가 화장실에서 피신건진 몰라두..
하지만 주차가 타워인 점, 주차대기 서비스가 가능한 점 등이 정말 좋았답니다 ㅎㅎ",4.5,0
2022.09.02,68173,shu**,시설은 괜찮았는데 방배정받고 들어가자마자 수건위에 1회용품 비닐이 뜯어진채 있어서 기겁함. 이걸로 방바꿔달라고 하기엔 좀 그래서 걍 그방 썼음. 방안에 욕조가 있으나 마개가 없어서 사용할 수 없음(미리 얘기해주심) 충전기 케이블이 있어서 꽂아봤으나 충전안됨. 냉장고에 생수가 2개밖에 없어서 아쉽. 나머지는 쏘쏘. 카운터 직원분은 친절하신듯,4.3,0
2018.11.01,68173,mul**,잘 알지 못하는  호텔이라  별로 기대하지 않고 갔지만 기대이상으로 공간도 넓고  깨끗했습니다  특히 룸안에  있는 월풀 욕조가 좋아  연인들한테는 좋은 선물이 될 것 같습니다  다만 체크인 시간이 23시 라는 점과 치약 치솔  그리고  물이 없어 아쉬었습니다  팁한가지   프런트에 문의하면  약간의 추가요금으로 12시 이후로 체크 아웃할 수 있습니다,4.0,0
2018.10.15,68173,dow**,비즈니스 이용객이 많지 않은건지 양옆 테이블이나 특히 전화기에.. 티비아래 책상에 먼지들이 많았어요~~ 닦아서 쓰긴 했지만~~ 저는 전체적으로 마음에 들었어요 조용하고 욕조도 깨끗하고 ! 제가 안 만지는 부분에 먼지가 있어서 괜찮았던듯! 대리석 바닥 + 외부 욕조 만으로 저는 만족스러운 1박이었습니다~~^^,4.0,0
2018.07.27,68173,chl**,"깨끗하고 직원분들 친절해요
강남쪽 출장있을때마다 리치웰에서 숙박하는데
주차도 발렛으로 편하게 해주시고
무료 얼음 커피 맛있어요

객실내부 청결하고 침구류가 고급이라 편하게 잘수있습니다
적극추천드려요

",4.3,0
2018.04.05,68173,sky**,시설은 참 좋던데 이불을 걷어보니 남자머리카락이 있더라구요 한 올.. 그래도 침구는 깨끗했던것같은데 하나정도 떨어진거라 시트 가는분이 이불정리하다가 하나 떨어트리신걸로 생각하고 잤어요. 그거 빼면 나머지는 만족합니다! ,4.3,1
2017.11.01,68173,lon**,"전체적으로 건물도 깨끗하고 실내도 깨끗하고~ 잠도 잘 오는 침대라~ 꿀잠 잤어요. 비지니스차 갔는데 대박!! 노트북도 유용하게 잘 사용했어요^^
주변에 유명 맛집도 많고~ 적극 추천합니다~",4.3,0
2017.06.04,68173,dbs**,침구도 깨끗하고 방자체도 냄새 없이 깔끔해서 좋았어요!!! 단점이라고 하면 ㅜㅜㅜ 너무 방음이 안되요ㅠㅠㅠㅠㅠ 새벽에 위층 방에서 드르륵 거리는 소리 때문에 깼네용 ㅜ 고급스럽고 깔끔해서 전체적으로는 좋았던듯 핮니당,4.3,0
2023.09.12,68173,hyu**,"담배냄새.테이블 찐득찐득 가구먼지가 보일정도 
세면대물은 안내려감
사장님 투자좀하세요
방한번바꿔서 대략넘겼디만 다시는 안갈것같아요",2.8,0
2022.06.01,68173,syo**,처음 받은 방에 담배냄새가 너무 심하게 나서 방 바꿔달라고 요청 드렸어요 그래서 방 바꿔주셨고 잘 썼어요 일반 모텔에 가까운 느낌이에요 주말이라 그런지 시설에 비해서 너무 비쌌어요,3.5,0
2019.04.12,68173,vke**,"스탠다드 슈페리어 객실 둘다 사용해보았습니다 .
스탠다드 한번 써보고 별로라서 계속 슈페리어 쓰는데 가끔 스탠다드 룸으로 주더라구요? 객실 재고가 없을시에는 상위객실로 배정해주어야 하는거 아닌가요?? 신경써주시기 바랍니다. ",3.5,0
2018.01.29,68173,tkd**,"수압이 조금 약했어요ㅜㅜ
직원분들이 조금 더 친절하셨으면 좋겠어요
룸서비스 이용이 가능한 줄 알로 갔지만 안된다네요 참고하세요!
객실 컨디션은 전반적으로 방도 따듯하고 침구도 편안하고 좋았습니다",3.5,0
2023.05.27,68173,hwa**,"담배냄새 너무 심하고 사진으로 본 방이랑 완전 다름
냄새 너무 심해서 전화했는데 조치 없음
나갈 때도 불편하셨겠다는 말 한마디 없음
그냥 최악 다시는 안가요 절대
담배 냄새 때문에 머리 아프고 울렁거려서 진짜 힘들었네요 지금까지 가 본 숙박시설 중 제일 별로예요 이런 기본적인 거 하나도 관리 안하시는 건 진짜 실망",1.5,1
2023.04.14,68173,bor**,"티비가 안나와서 직원분이 빠르게 고쳐주셨어요
저렴하게 잘묵고 왔네요~^^
욕실이 디게 크고 깔끔해서 좋았어요
다음에도 또 이용 할게요~
편하게 잘셨어요 감사합니다.",4.8,0
2023.02.07,68173,tht**,"두개방을 잡았어요.
하나는 슈페리엄.하나는 더블.
낮엔 짐도 맡아주셔서 잘 놀다가 10시쯤 들어갔는데 두 방을  나란히 잡아주셔서 편했어요",5.0,0
2020.06.19,68173,mcg**,"저ㄴ반적으로는 만족!
단점만 꼽자면
세면대 물이 잘 안내려감
환풍기소리가 매우시끄러움
방에 거울이 없음
조명이 안들어오는게 있음",5.0,0
2019.04.08,68173,ado**,일요일 일마치고 잡은 숙소...안내데스크에 넘 많은분이 계셔서 깜놀하긴 했지만... 뭐...ㅋㅋㅋ 룸 적당하고 혼자 푹 자고 12시 딱 맞춰 체크아웃했네요.  ㅎㅎㅎ,5.0,0
2018.11.13,68173,Lch**,"강남 역삼에서는 여기기 최고입니다
스x 라는곳은 직원들 신경질인데 여기 직원분들 친절해요 깔끔하구 위치좋구 역삼서는 최고입니다",5.0,0
2018.08.28,68173,sjm**,7살 아이와 쾌적하고 편안하게 잘 지냈어요. 주변에 편의점이랑 카페 가깝고 이른아침 출발이라 24시간 삼백집에서 아침 먹으니 편하네요.,5.0,0
2018.04.27,68173,bab**,"우ㅣ치도 너무 좋앗고 근처 먹을곳도 많구
주차도 편하고 침대랑 욕조 너무 맘에 들었어요
꿀잠자고 갑니다 담에 또 갈거예요 ㅋㅋㅋ",5.0,0
2022.06.06,68173,the**,"입실시간이 11시였고 50분전 도착했는데요. 입실은 11시부터된다고해서 그럼 근처에있다 시간맞춰 오겠다했더니 주차도 미리할수 없다고해서 발렛하던차 다시빼서 시간때우고 왔네요. 참 융통성 없다싶었지만 방침이라면 따르는편인데 설명도 없고 다른것보다 응대하는 직원의 태도가 넘 불쾌했어요
기분좋게 온여행이라 기분상히기 싫어서 그냥 넘어갔지만 기분은 넘 나빴습니다! 아 다르고 어 다른데 고객응대에는 좀 신경쓰시길 바랍니다",3.0,4
2021.08.02,68173,jus**,침대와 욕조사이에 원래 유리가 있었는데 유리가 깨졌는지 없네요.. 그리고 욕조가 깨긋하지 못해 사용을 못했어요. 지금까지 리치웰에 가봤던 방들은 좋았는데 모든 방이 같은 퀼러티가 되도록  맞춰졌으면 좋겠네요. 개인적으로 냉장고가 잘되서 좋아요.,3.0,0
2018.11.27,68173,wkd**,"혼자 출장와서묵었는데 대부분 만족스럽습니다^^
다만 충전기는 고장나있어서 ㅜㅜ 사용을못했고 일회용품 주신거에...털같은게있어서 좀 찜찜했습니다",4.3,0
2018.06.01,68173,iam**,방도 업그레이드 해주시고 역삼역 근처 숙소 중에서는 매우 추천할만 합니다! 비품도 다 갖춰져 있어 비즈니스 출장에 적합하고 룸컨디션도 매우 좋습니다. 만족합니다!,4.3,0
2018.04.06,68173,cho**,금액 대비 만족 엘리베이터 입구방이라  엘리베이터 내 안내 방송 볼룸 소리가 커서 좀 불편했음 볼륨을 낮게 개선 필요한다고 봅니다,4.0,0
2018.03.14,68173,seo**,출장으로 갔는데 역삼역 근처에 있어서 접근성 좋고 전체적인 시설깨끗했습니다. 직원들도 친절했고요. 다음에도 갈것 같아요. 만족.,4.0,0
2017.12.23,68173,gwp**,전반적으로 깨끗하긴 한데 숙소 전체에 디퓨저 향이 너무 강해서 머리아팠어요. 체크인 시간도 너무 늦고 전반적인 시설이 호텔보다는 모텔같은 느낌이 강했습니다. 모텔이라고 생각하면 가격이 저렴하지는 않다고 생각했구요.,3.3,0
2017.09.22,68173,ann**,"시설 좋고, 비치된 물품들에서 투숙자에 대한 세심한 배려를 느낄수있었음. 단, 바닥에 머리카락과 먼지 덩어리가 있어서 청소상태는 좋지 않았음",4.0,0
2022.10.16,68173,das**,"청소를 급하게하셨을까요..
길고긴머리카락이 욕실에 늘어져있어서
좀.. 그리고 너무 낡아서 시트드 다벗겨진 의자는 왜
있는지.. 차라리 없는게 나을듯합니다.",3.8,0
2022.07.28,68173,ain**,"주차는 좋았고, 인테리어는 쏘쏘..
방은 시원했는데, 침구류가 여름?이라그런지 약간 꿉꿉한 느낌이 있었어요! 뽀송뽕송해야는데...
그런게 좀 아쉬웠네요!",3.8,0
2022.03.31,68173,dld**,"침구가 다 얼룩덜룩해서 런드리를 하신건지 의문이 들 정도로 너무 지저분했고, 머리카락과 먼지가 뭉쳐서 이불위에 있더라구요? 정말 황당했습니다. 체크아웃 몇시에 할거냐며 오전에 공사에 있어서 시끄러울 수 있다고 말씀하셨고, 그런건 예약시 미리 고지를 하셨어야 하는거 아닌가요? 너무 불편해서 그냥 9시에 체크아웃하고 투숙 안했습니다. 근데 차량빼는데도 시스템 에러가 있어서 20분 이상 기다렸는데 사과한말씀 안하시더라구요. 엉망진창입니다.",2.3,1
2022.02.06,68173,bas**,"침구는 좋았으나~~~상상했던방은 아니였음을..
욕조는 물이 자꾸세어나가 반신욕도 못했네요
저녁 데스크남성직원분은 좀  살갑지않았음",3.8,0
2021.02.07,68173,shi**,시설 좋고 친절했는데 막상 들어가니 살짝 담배냄새도 나고 소파 구석엔 먼지 쌓여있고 욕조에는 때와 머리칼이 둥둥. 이 돈 주고 갈 곳은 아닌듯. ,3.5,0
2018.12.23,68173,dml**,예약 문의 전화드렸을 때부터 직원분의 불편함을 느꼈구요 . 시간 되서 들어갔을 때 생각했던 것 보다 방이 작아서 실망했어요ㅠㅠ 사진 같은 방이 아니였으면 다른 방 예약했을 거에요 . 냉장고 코드도 뽑힌 상태로 되어있어서 직접 연결했어요 . 전체적인 서비스가 별로였던 것 같습니다 .,2.5,1
2018.09.28,68173,ali**,"샤워실 물은 배수가 잘 안되고, 수건도 작은게 하나 밖에 없어서 더 달라고 했어요. 세면대 옆에 전기코드는 안되서 드라이기는 다른 곳에서 사용했어요. 침구류랑 수건에서 마리카락있구...좀 더 신경 써주세요",2.3,1
2018.09.19,68173,wjd**,"전체적으로 깔끔하고 좋앗지만 침대 옆 안보이는곳은 청소상태가 아쉬웠어요 먼지도 많고 소주병이 나뒹굴고 있더라구요... 
그 외에는 침구류는 깔끔한편이었고 직원분도 친절햇어요",3.5,0
2018.08.18,68173,tsy**,"로얄 스위트룸에서 1박 했습니다. 
배정 받은 방의 세면대가 배수가 안 되더니 갑자기 배수관이 터져서 바닥이 흥건해지고 옷도 일부 줌 젖고..

방을 옮기고 샤워를 하려고 물을 트는데 온수가 나오는데 너무 오래 걸리고 수압이 너무 약합니다.

그리고 어느 방인지 모르지만 밤새도록 클럽음악을 너무 시끄럽게 틀어서 울림때문에 잠을 잘 자지 못했습니다. 

전반적으로 불만족스러운 숙박이었습니다.",2.5,1
2018.02.05,68173,yej**,"침대에 유리조각이있어서 남자친구가 발을 다쳤어요 근데 밴드랑 연고주신거말고 별다른조치가 없어서 좀 그랬어요
그리고 냉장고에 누가 먹다남은 음료수도 그대로 있었어요
청소상태가 별로였어요",2.5,1
2017.09.24,68173,chl**,"거울이 없어 불편한감이 있었고 침대가 왠지모르게  조금 좁다는 느낌이 들었어요
하지만 위치도 좋았고 방 전체적인 컨디션도 괜찮았어요",3.8,0
2023.10.10,68173,tae**,침구에서 잔 이후로 알러지 두드러기 반응이 생겼어요 ㅠ,2.0,0
2022.01.09,68173,ff5**,바닥에 마감제를 잘안해놔서 덜럭덜럭 거리더라고요 사진봤을때보 생각보다 좀 작은방이긴했어오 그래도 잘 쉬다가 갑니다,4.5,0
2021.08.14,68173,jje**,침배 베개는 누랗고 화장실 세면대는 물도 안내려가고 욕조는 쓰라고 둔건지 물떼 껴서 노랗고 카운터 직원은 싸가지 없고 외관만 정상적이고 안에는 담배 쩐내부터 까운도 새거로 교체 안하는지 냄새나서 향수 뿌려놨습니다,1.0,1
2020.08.10,68173,yak**,"객실불편사항 말했더니 한시간지나서 말하냐며 말장난
하지말라며 비아냥거리고 무시하였음. 한시간이지난게
아니라 방금 일어나서 바로 전화한거다. 2015년부터 이용했는대 이번처럼 불쾌한적은 처음이었음 다신 안갈예정입니다.",1.0,1
2020.01.27,68173,jum**,처음방이 조금 냄새가 나서 말씀드렸더니 바로 바꿔주셨어요 침구도 푹신푹신해서 너무 좋았어요 푹쉬다 갑니다! 다음에 또올게요,5.0,0
2019.05.26,68173,kim**,"침구도 깨끗하고 실내도 청결했습니다.
다만,실내에 있어야할 화장거울이 화장실에 있어서 
조금 불편했습니다.",5.0,0
2019.04.07,68173,Lch**,"직원분들이 엄청친절하구

객실이 깔끔해요 침구도좋구요

저는 강남가면 여기만자요 최고입니다.",5.0,0
2018.12.21,68173,oof**,"전체적으로 깨끗하고
특별히 불편한것이없었습니다
시설도 좋았고 밤에 큰소음도없이 잘지내갑니다
다음번에 또올께요",4.8,0
2018.10.21,68173,gar**,침구는 눅눅하고 얼룩 지고 세면대는 막혀있고 샤워 수압도 쓰렉이고 무엇보다 더워서 에어컨좀 틀라 했더니 안되서 문의하니 에어컨 안되니 창문 열고 자라고 함;; 밖에 주정뱅이들 소리 지르고 시끄러운데... 그 어떤  모텔보다도 못한 호텔임 다시는 안 갈거임,1.0,1
2018.09.06,68173,500**,"에이스침대굿
오리털 침구류 넘 굿
인테리어 간지탱

가격 굿 
넘 만족스러웠어요 
욕조도있구요",5.0,0
2018.05.20,68173,dri**,처음 배정받은 방이 좀 안맞아서 카운터에 얘기했더니 금방 바꿔주셔서 만족스럽게 숙박하고 왔어요,4.5,0
2018.03.02,68173,nab**,"정말 불쾌한 경험을 한 숙소입니다. 연박하면 35,000원 추가를 해야 하더군요. 거기까진 특가라 그렇다고 이해를 했습니다. 또한 외출 후 10시간뒤 돌아왔는데도 룸청소가 안되어 있어서 말했더니 프론트 여직원이, 나갈때 이야기 하셔야 하는데 하면서 오히려 고객를 탓하고, 아니 세상에 그런 호텔이 있냐고 물었더니, 그럼 지금이라도 청소 해드리냐고 화를 고객에게 오히려 내는 몰상식한 말을 들었습니다. 그리고 청소하는 동안 로비에서 기다리는데 그 프론트 여직원이 손님들이 다 들리게 직원들이랑 이야기 하면서 쌍시옷 욕을 하더군요. 세상에서 가장 최악의 숙소입니다. ",1.5,1
2017.11.08,68173,hea**,체크인할때부터 직원들이 친절하게 응대해주섰구요~오랜만에 남자친구랑 놀러갔는데 침실이며 욕실도 깨끗해서 만족했습니다^^,5.0,0
2017.10.20,68173,you**,"객실간 글고 층간 방음이 좀더 잘되면 좋겠습니다.
의자를 윗 방 또는 옆방서 움직이면 크게 소리가 들림",4.8,0
2017.10.06,68173,wlt**,"혹시 주인이 바뀌었나요??
분명히 조식과 저녁 룸서비스 후기를 보고 선택했는데 3월부터 서비스가 종료되었다고 하더라고요 예약하고 갔는데 기다려 달라고 하지를 않나 서비스 종료에 대한것도 프론트에서 안내 제대로 하지도 않고 직원들도 불친절했어요 입욕제도 분명 있다고 들어서 물어봤더니 없다 그러고 숙소 청결도 정말 별로였어요 베개에 머리카락이 있더라구요 게다가 얼리 체크인도 아니였는데 그 시간에 옆방은 청소하시는건지 문 활짝 열고 큰 소리로 음악까지 틀어놓고 청소하시던데 정말 기념일에 기분좋게 가려고 예약다가 최악의 날이 되었네요  다시는 방문하고 싶지않습니다",1.5,1
2017.10.04,68173,ell**,"방음도 좋고 청결하고 리셉분도 친절했는데
욕조를 덜닦아서 쓰기 좀 그렇더라구요
머리카락 등 이물질..",4.5,0
2023.06.07,68173,jan**,어디서 들어오는건지는 모르겠지만 담배냄새가 좀 나서 별로였고 방에 거울이 없어서 아침에 준비할때 힘들었어요..,3.3,0
2022.11.24,68173,dsn**,시설 깨끗하고 기본 스텐다드룸에 면적도 적당하고 좋았습니다. 단 복도 소음이 좀 들리더라구여,4.3,0
2022.11.03,68173,chl**,"늦은시간 입실 했는데 방도 업글해주셨어요
일찍 나가야되서 주차도 밖에 부탁드렸는데
그렇게 해주셔서 좋았어용",4.0,0
2021.05.31,68173,dam**,급하게 급하게 예매하고 갔다가 방배정 별로일까봐 걱정했는데 걱정할 일 전혀 없이 잘 쉬었다가 갑니다.,4.0,0
2021.04.15,68173,cof**,"의자,책상 끄는 소리, 문 닫는 소리 등 시설적인 방음은 되지 않았어요. 객실은 깨끗하고 넓어서 좋았어요!",4.0,0
2020.08.19,68173,gab**,치ㅁ구가깨끗해서 너무 잘있었어요. 근데 큰 침대가 아래에는 작은 침대 두개로 나뉘어져 있는거라서 좀 불편,4.0,0
2019.05.27,68173,kon**,"지하철 역이랑 좀 떨어져있고 유흥가 근처라 좀 그랬지만
시설 괜찮고 깔끔했어요~ 재방문 의사 있음",4.3,0
2019.03.16,68173,bbs**,체크인시간이 23시로 좀 늦긴했지만 시설은 그간 가본 숙소중 최고였습니다 청결하고 월풀강추!!,4.3,0
2019.01.01,68173,ysu**,"침구 누렇게 변색됐고, 방 전체적으로 담배냄새 빠지지 않은 모습. 냄새 그렇다 쳐도 침구 (이불)시트는 주기적으로 교체해야하는거 아닌지...",3.3,0
2018.11.22,68173,Lch**,"역삼동 에서 좋구요 직원분들 친절합니다

근처 스x 는 불친절에. 쌈날뻔. 직원응대가 정말중요합니다 여기는 진짜 친절해요",4.3,0
2018.06.21,68173,iam**,늘 가는 곳이라 만족스런 숙박이지만 세면대 물빠짐이나 비데 기능 등은 좀 더 세심하게 체크해주심 감사하겠습니다!,4.0,0
2018.06.20,68173,iam**,"늘 가는 곳이라 만족스런 숙박이었습니다!
술을 너무 많이 마셔서 사실 이번에는 기억이 잘 안나요ㅠ",4.0,0
2018.06.19,68173,sss**,침구도 깨끗하고 서비스가 너무 좋았어요 친구랑 급하게 잡은 호텔이었는데 너무 민족스러웠습니다,4.0,0
2022.10.19,68173,dre**,"냉장고안의 머리카락, 주전자와 종이컵이 놓여있는 쟁반의 뿌연먼지, 수채구멍틈이 커서 물이 채워지지 않는 욕조",3.5,0
2022.04.03,68173,nic**,"시설은 깨끗했습니다 
그런데 방이 좀 더웠던게 아쉽습니다 
(에어컨이 아예 작동하지 않았습니다.)",3.8,1
2022.03.05,68173,new**,"406호
시설 양호
온수, 난방양호

소음 심함
건물 내에 워머 두드리는 소리
건물 외부 공사소리",3.8,1
2019.06.20,68173,fls**,"침구 위에서 먼지가 날라다니고 샤워기도 오래되서 고장난것 같았고, 특히 드라이기는 얼마나 오래된것인지 타는 냄새가 심하게 나더라구요.",2.8,1
2019.04.25,68173,xzs**,무난무난 특실 욕조는 맘에드는데 담배 눌은자국이 아쉬웠어요 근데 작은 그거가지고 욕조 바꾸기도 애매할듯,3.8,0
2019.01.18,68173,mag**,"침구는 마음에 들었으나 직원들이 무뚝뚝하고
홈페이지에는 식당이 있었으나 2년전꺼라고 자신있게 말하는게
서비스정신 제로인거 같아요",2.8,1
2018.08.14,68173,mik**,"담배꽁초가 구석구석 널려져있어서 조금 그랬어요ㅠㅠ
그 외에는 화장실도 좋고 괜찮았던 것 같네요",3.8,0
2018.06.24,68173,loo**,"깨끗한데 세면대 물이 안내려가고
샤워기 온수 냉수가 조절이 정말 안되네요..
나머진 만족합니다.",3.8,0
2018.06.01,68173,min**,침구와 수건에 머리카락이 있었어요..침대가 편하고 에어컨이나 바닥온도 조절이 잘되서 편했어요,3.8,0
2018.02.05,68173,cks**,"난방 은 좋쿠 온수도 잘나오는데 
창가 우풍너무 심했어요 침대 바루앞이 침실이라
더욱 심하게 느꼈네요...
그리고 방음이 좀 안돼네요",2.3,0
2018.01.08,68173,dks**,욕실에  욕조에  머리카락이  있었어요  찝찝했네요  청소에  좀 더 신경써줬으면  좋겠에요,3.5,0
2017.07.30,68173,sec**,"전체적으로 깨긋하고 조용해서 좋았어요
근데 거울도 없고 화장실이 너무 어더워서 조금 불편했어요",3.8,0
2017.06.06,68173,naz**,퇴실 계속 전화해서 민망했어요 나가려고 준비중이었는데 모텔도 아니고 12시 전에 전화하네요,3.8,0
2023.07.23,68173,tox**,이쁜여자랑가서 조선펠리스안부러웠습니다,5.0,0
2023.06.18,68173,kse**,너무 편하게 잘 쉬었어요,5.0,0
2023.05.28,68173,jsh**,"시설이 너무 좋았어요~~^^
다음에도 또 갈거예요",4.8,0
2022.11.13,68173,고객님,어제저녁에 갑자기 비가많이 내려서도저히 갈수가없어서 남자친구와 하룻밤 자구갓네요,4.5,0
2022.08.23,68173,jeo**,먼저 짐 맡기러 가도 되냐고 물어봤는데 넘 친절하셔서 좋았어요! 방도 깨끗하고 좋습니당,4.5,0
2022.08.19,68173,hah**,"앞에 너무건물이 붙어있어 창문은  못열어요ㅎ
나머진 깔끔하고 침구좋네요",4.5,0
2022.06.12,68173,yog**,발렛파킹 서비스 좋았고 시설 깔끔합니다. 주위 먹거리 좋아요!,4.5,0
2022.05.13,68173,the**,"친절하고 시설도 깔끔하고..
일 때문에 다음에도 또 가고 싶네요",5.0,0
2022.04.11,68173,jae**,좋은 호텔이었는데 주인분이 슬슬 원가절감 시도하고 있는게 너무 보여서 안타까움,4.5,0
2022.04.02,68173,a01**,가까운곳에  먹을곳이   많이 있어서  멀리안가고 편햇어요,4.5,0
2022.03.09,68173,nic**,바닥이 미끄러워서 물기로 인해 넘어질 수 있다는 점만 제외하고는 좋았습니다.,4.5,0
2022.01.15,68173,new**,"1/13, 역삼 리치웰 706호
팬소음 심함
청소 별로
구멍난 수건
방온도 적당
수압 적당
넷플릭스
삼성TV, 에어콘, 
회색 가운
1회용품 무료",2.0,2
2021.03.19,68173,sss**,언제나 이용할때마다 좋은추억만 만들고가용 번창하세요^^,5.0,0
2019.08.22,68173,mvl**,"조용하고 편안하고 좋습니다. 
다만 항상 느끼는거지만 약품냄새가 ㅠㅜ",5.0,0
2019.08.17,68173,Lch**,"리츠웰 최고입니다

침구도좋구요  직원분이 친절하게 해주세요
강추입니다",5.0,0
2019.06.03,68173,meb**,"1박 추가했는데 방도 큰걸로 바꿔주셨아요 
완전 친절하세요",5.0,0
2019.04.21,68173,j58**,항상깨끗하고 조용하고 환기도잘되고 조ㅗ아요~따듯하구 좋습니당,5.0,0
2019.03.21,68173,Lch**,"리치웰 최고입니다 .직원들분들도 친절하시구요
역삼에서는 제일좋아요",5.0,0
2019.02.09,68173,ope**,"먼지가 너무 많았습니다. 일회용품 지급이 없었습니다. 로비 프런트에 남자만 있어서 위압감이 있었습니다. 로비에 철 지난  크리스마스 트리가 있었습니다. 

환기 부탁드립니다.",1.0,1
2018.08.13,68173,cuc**,한번씩들리는곳인데 언제와도 항상 깨끗하고 친절하고좋아요,5.0,0
2018.07.28,68173,kim**,"침구도 깨끗하고 정리정돈이 잘되어 있어서
참 좋았습니다.",5.0,0
2018.07.20,68173,ado**,이번엔 방이 좀 작아서 별루였어요.. 그래도 출장이라 쏘쏘,5.0,0
2018.06.09,68173,sap**,"깨끗하고 편안하네요.
역삼역 근처에서는 꽤 괜찮은 호텔인듯 ~",4.5,0
2018.05.15,68173,seo**,침구류 편하고! 시설도 좋고! 가격도 좋고 ! 짱이네욯ㅎ,5.0,0
2018.04.26,68173,mus**,직원들도 친절하고 전체적으로 좋은데 물소리가 넘심하네요,4.5,0
2017.12.31,68173,seo**,하 답없네여...하 답없네여...하 답없네여...하 답없네여...하 답없네여...하 답없네여...하 답없네여...하 답없네여...,1.0,1
2017.11.05,68173,ddo**,"넘 깨끗하고 조금 넓은 공간이였지만 노출형 욕조는 좀
그랬어요",5.0,0
2017.11.03,68173,yoo**,다 좋았습니다. 위치가 어린아이들과 갈수 있는 곳은 아니였지만...ㅎㅎㅎ,5.0,0
2017.11.03,68173,rem**,"자주이용합니다 강남에
가격대비 이만한것 없네요 

만족합니다",5.0,0
2017.10.18,68173,jae**,"다 좋았구요
다만 PC가 안되어서 업무상 불편한 점이 있었습니다
다른것은 다 만족합니다",5.0,0
2017.10.09,68173,jmj**,모든게 완벽했는데 한가지가 아쉬웠어요 방에 거울이 없었던게ㅎㅎ,5.0,0
2017.07.18,68173,mam**,"딸아이와의 여행
아이가 좋아했어요
역에서도 가깝고 주변맛집도있고~~^",4.8,0
2017.06.03,68173,sap**,"회사 선배들 모시고갔는데 접근성도 좋고
시설도 깔끔했어요.
칭찬들었습니다",4.5,0
2023.05.11,68173,cym**,방이 깨끗하고 역삼역과 가까워 편했습니다,4.0,0
2022.07.17,68173,vhe**,깨끗하고 깔끔하고 인테리어도 좋고 대실 가격도 적당해요,4.3,0
2020.12.21,68173,lee**,"다좋은데 인당 추가금액이너무컸어요 
그래도넘예쁜고 친절하셧어요",4.3,0
2019.08.18,68173,ret**,시설은 늘 만족합니다. 약간의 담배냄새는 어쩔수없나봐요ㅠ,4.3,0
2019.05.10,68173,eun**,방 안에 물이 없어서 당황했던거 말고는  접근성도 좋고 룸컨디션도 좋았어요:),4.0,0
2019.05.09,68173,yjh**,"방도 깔끔하고
조용해서 좋았습니다.
역삼역 이 가까워 이동이 좋습니다",4.0,0
2019.02.15,68173,seo**,욕조를 더 깨끗이 관리해서 사용할수있게 해야 할 것 같아요,4.0,0
2018.08.15,68173,wit**,"전체적으로 만족스럽습니다! 
깨끗한 편이었고 접근성도 나쁘지 않습니다.",4.0,0
2018.07.25,68173,kjd**,수건이 1장 밖에 없어서 밤 늦게 요청하기가 불편했음.,4.0,0
2018.07.22,68173,hun**,"접근성 좋고 서비스가 좋았습니다.
단점은 객실에 하수구냄새가...",4.0,0
2018.01.14,68173,kim**,일때문에 혼자 하루 숙박했는데 침구가 깔끔해서 푹 쉬다가구요~ 깔끔해서 좋았는거같네요ㅎㅎ,4.3,0
2017.10.17,68173,spa**,"침구가 깨끗하고 정리가 잘 되어 있어요
간단히 하루있기 좋아요",4.0,0
2017.10.04,68173,pha**,사진과 다른방이라고하자 방도바꿔주시고 방도 크고 깨끗하고 만족합니당,4.0,0
2017.08.04,68173,gft**,좋아요. 자주 갑니다. 로비에서 커피도 무료로 마실 수 있어요!,4.3,0
2017.06.14,68173,21y**,침구류가 깨끗함이좋으나 예전보다 넓지않아 그게 좀별로임,4.0,0
2023.05.12,68173,woo**,"방에 따라 주차비 발생할 수 있음
주차비 매우 비싸니 잘 알아보세요",2.8,0
2023.03.15,68173,mgw**,"와이파이 비번 소문자인데 대문자로 표시해두고, 방도 플미 붙여서 팔아먹는거 치고는 별로였습니다
슈페리얼은 무슨 슈페리얼",2.3,0
2022.12.03,68173,mkk**,위치는 정말 좋았지만.. 시설이 담배자국 같은 것들이 많아 아쉬웠어요,3.5,0
2020.10.13,68173,jay**,Interior design of a room was very unique ,3.8,0
2020.01.30,68173,lim**,시설은 다 좋았으나... 침구에.. 머리카락과..cd껍질이 그대로 있었어요...,3.5,0
2020.01.26,68173,rla**,"아주쿠 욕조가 고장나있었어요
요조에 물 채우려면 두시간 이상은 걸려요",3.5,0
2019.10.06,68173,snr**,"깨끗하고 세면용품이 잘 갖춰짐
밤에 찾아가기에 위치는 ... ",3.5,0
2019.07.26,68173,you**,"깨끗하고 좋으나
복도에서 시끄러움. 문이 1겹방음이 잘안되어 있음",3.8,0
2019.04.23,68173,dms**,"후기보니 소음이심하다해서 걱정했는데
생각보다 조용하고 좋았어요
",3.5,0
2018.12.10,68173,sha**,방 보자마자 가격대비 모텔같은 이미지에 놀랏지만 욕조가 너무 좋앗어요,3.8,0
2018.08.27,68173,juc**,다 좋은데 물 조절이 너무 어려웠어요 따듯한물 나오게 하기 좀 애먹었네여,3.5,0
2018.08.18,68173,kur**,"방금 피운거 같은 담배냄새 진동.. 
위치 시설 매우 굿",3.8,0
2018.07.21,68173,gos**,깨끗하고 좋았어요. 체크인시간만 좀더 빠르면 좋겠어요~,3.8,0
2018.07.20,68173,seo**,깨끗하고 전망이 잘 보여서 좋았지만 배터리 충전이 정말 느리게 되어서 엄청 불편했어요,3.8,0
2018.07.12,68173,iam**,출장 차 머물렀는데 5층은 샤워기 수압이 좀 약하네요~ 다른 부분은 만족스러웠습니다!,3.8,0
2018.07.11,68173,iam**,늘 잘 지내다 갑니다. 출장용으로 간거라 오래 머무르진 못했지만 만족하고 갑니다!,3.5,0
2017.12.24,68173,you**,"깔끔하고 좋습니다.
 샤워실에 거울이 없어서 안타까웠습니다.",3.8,0
2017.10.14,68173,eug**,고ㅐㄴ차나여 근데 아침에 열두시넘으면 마넌 추가라고 협박함,3.5,0
2017.08.22,68173,jsr**,환풍기 소리가 매우 이상합니다. 환풍기 끄고 잤습니다.,3.5,0
2023.04.23,68173,you**,👍👍👍👍👍👍👍👍👍👍,5.0,0
2022.12.23,68173,cha**,방 온도가 적절하고 침구가 깨끗해서 더욱 포근했어요,5.0,0
2022.11.15,68173,gil**,너무 좋아요!! 다시 또 오고싶숩니다.,5.0,0
2022.10.11,68173,nen**,방도크고 너무 좋았어요~!!,5.0,0
2022.09.25,68173,cha**,"청소 상태 완벽 그 자체
매우 만족했어요",5.0,0
2022.08.28,68173,you**,👍👍👍👍👍👍👍👍👍👍,5.0,0
2022.08.25,68173,ils**,좋아요 계속이용하고싶어요,5.0,0
2022.07.26,68173,yub**,업그레이드 좋아요~~,5.0,0
2022.06.25,68173,lee**,직원들도 친절하시고 친구도 푹신하고 좋았습니다^^,5.0,0
2022.05.23,68173,gns**,잊을수 없는 하루였어요,5.0,0
2022.02.25,68173,wht**,방이 깨끗하고 시살이 벟았어요,5.0,0
2022.02.22,68173,wht**,방도 깨끗하고 너무 좋았습니다,4.8,0
2021.12.19,68173,fla**,좋아요좋아요~~~~,5.0,0
2021.12.08,68173,fla**,굿굿 항상 여기만 옵니다,5.0,0
2021.12.04,68173,fla**,너무 친절&깨끗했습니다!!,5.0,0
2021.03.28,68173,kum**,일단 방구조거 너무 좋음,5.0,0
2021.03.27,68173,bnb**,깨끗햇습니다!~ㅎㅎ,5.0,0
2021.02.28,68173,ser**,깨끗하고 편리했어요,5.0,0
2021.02.09,68173,soo**,위치좋고 깨끗하네요.,5.0,0
2021.02.01,68173,nan**,깨끗하고 접근성좋습니다,5.0,0
2021.02.01,68173,pk3**,생각보다 괜찮았습니다,5.0,0
2021.01.22,68173,csd**,잘 잤어요.  또 봐요,5.0,0
2021.01.20,68173,soo**,괜찬은 호텔입니다.,5.0,0
2021.01.17,68173,soo**,편하게 쉬다왔어요...,5.0,0
2020.12.30,68173,305**,ㅎㅎ 방도 넓직하니 좋아요,5.0,0
2020.12.23,68173,lav**,스위트룸 뷰가~ 아주좋앗어요,5.0,0
2020.12.05,68173,Kae**,괜찮습니다 깨끗하고,5.0,0
2020.09.17,68173,mvl**, 항상 잘 이용합니다,5.0,0
2020.04.21,68173,lgd**,깨끗하고 넓은 공간에 만족합니다,5.0,0
2020.02.03,68173,rms**,시설도 괜찮ㄱ 좋아요 하수구냄새만 좀 심하지...,5.0,0
2019.12.03,68173,ggo**,침대는 역시 에이스 청소상태 깰꼼,5.0,0
2019.11.25,68173,dda**,침구가 깨끗하고 포근했습니다,5.0,0
2019.11.19,68173,ylk**,"너무너무좋았습니다
다음에 또 이용할게요 ^^",5.0,0
2019.11.18,68173,dda**,침구가 깨끗하고 푹신햇어요~~~,5.0,0
2019.09.27,68173,kim**,가성비 및 접근성 좋았어요,4.5,0
2019.09.22,68173,mvl**,"나이스
나이스
아이스",5.0,0
2019.09.09,68173,itp**,"매번 갔었는데
이번에는 관리가 안되는지 
문 5번씩 두드리고
시끄럽고 날리도 아니여서 
중간에 나옴",1.5,1
2019.09.07,68173,ktw**,테이블도 크고 배달음식 시켜서 잘먹고 잘쉬다왔습니다,4.8,0
2019.09.05,68173,jjo**,관리를 잘해서 그런지 시설자체가 깨끗했어요^^,5.0,0
2019.09.02,68173,kdw**,"좋습니당
ㅎㅎㅎㅎㅎ",5.0,0
2019.08.01,68173,wjs**,방 깨끗하고 고급스러워 보임,5.0,0
2019.07.16,68173,mvl**,행복하고 편안한 시간이었습니다. ,5.0,0
2019.07.03,68173,may**,편아놔구 조용해요,5.0,0
2019.07.01,68173,may**,추천합니다,5.0,0
2019.06.29,68173,ink**,시설이 깨끗하고 지은지 얼마 안된 것 같았어요,4.5,0
2019.06.28,68173,mvl**,"깔끔하고 조용한 곳입니다. 
",5.0,0
2019.06.11,68173,yan**,직원들이 너무 친절하네요,4.5,0
2019.06.06,68173,mvl**,"깔끔하고 좋앟습니다.
다만 방음이~~~~~",5.0,0
2019.06.05,68173,Lch**,좋아요. 베리굿~~ 여가가 제일좋아요,5.0,0
2019.05.30,68173,hel**,엄청 깔끔하고 좋앗어요,5.0,0
2019.05.30,68173,e36**,와인오프너도 가져다주시고 시설도 좋고 만족합니다!,4.5,0
2019.05.28,68173,rla**,마ㄴ족하렸습니당 ㅎㅎㅎ,4.8,0
2019.05.25,68173,cho**,깨끗하고 좋아요!!,4.5,0
2019.05.18,68173,hcr**,깨끗해서 정말 좋았어요,4.5,0
2019.05.14,68173,nav**,깔끔하고 좋았어요...,5.0,0
2019.05.11,68173,wil**,깨끗하고 쫗았어요요,5.0,0
2019.05.09,68173,khj**,깨끗하고 가격대비 만족,5.0,0
2019.05.09,68173,hcr**,깨끗하고 좋았어욯ㅎ,4.5,0
2019.05.09,68173,hcr**,시설더 좋고 괜찮았어요,4.8,0
2019.05.05,68173,cod**,청결이 좋았습니다,4.8,0
2019.05.05,68173,ina**,전체적으로 무난함.,4.8,0
2019.05.03,68173,ado**,좋았어요 친절하시구요,5.0,0
2019.04.29,68173,yoh**,나쁘지 않았어요 모텔치곤 베스트,5.0,0
2019.04.25,68173,mar**,good!!!!!!!!,5.0,0
2019.04.19,68173,lkh**,good good ^^,5.0,0
2019.04.14,68173,duq**,넓고 깨끗했어요. 욕조 있는 거 정말 좋아욥,5.0,0
2019.04.04,68173,wkd**,깨끗하고 친절하셔서 좋아요,5.0,0
2019.04.04,68173,seo**,깨끗하고 좋았습니다,5.0,0
2019.04.01,68173,jea**,"침구가 깨끗하고, 방음이 잘되어 잠이 잘 옵니다",5.0,0
2019.03.27,68173,jea**,조용하고 침구가 깨끗해서 잠 잘옵니다,5.0,0
2019.03.27,68173,ths**,조ㅎ라요오옹좋엇어염,5.0,0
2019.03.26,68173,jea**,"침구가 깨끗하고, 방음도 만족",5.0,0
2019.03.21,68173,sim**,조았습니다 방도까끗,5.0,0
2019.03.12,68173,Lch**,좋았어요 만족합니다,5.0,0
2019.03.09,68173,wkd**,깨끗해서 좋았어오!!,5.0,0
2019.03.06,68173,kon**,침구가아주편하고잠잘옵니다,5.0,0
2019.02.22,68173,jea**,내 집처럼..편안했습니다,5.0,0
2019.02.20,68173,esp**,좋아요좋아욬ㅋㅋㅋㅋ,5.0,0
2019.02.13,68173,rkd**,"네네
욕조가 물이 세요",5.0,0
2019.01.28,68173,wot**,침구가 깨끗해서 잘잤어요,5.0,0
2019.01.26,68173,ssa**,또 방문 하겠습니다,4.8,0
2019.01.22,68173,Lch**,너무너무 좋아요  나는 왕단골이에요 굿굿,5.0,0
2019.01.22,68173,j58**,항상깨끗이 잘이용하고있어요,5.0,0
2019.01.16,68173,ans**,까ㄹ끔해서 맘에 들었고 침구가 편했어요,5.0,0
2019.01.08,68173,Lch**,리치웰 최고에요 역삼에서는 제일좋아요,5.0,0
2019.01.06,68173,cog**,가격대비 시설 엄청 괜찮네요,5.0,0
2019.01.01,68173,jum**,침대가 너무 편하고 좋아요,5.0,0
2018.12.29,68173,kdh**,조아요 ㅋㅋㅋㅋㅋㅋㅋ,4.5,0
2018.12.29,68173,hea**,깨끗하고 좋았습니다. ,5.0,0
2018.12.28,68173,ora**,좋았어요 ㅋ!!!!!!’,5.0,0
2018.12.21,68173,hon**,잠을 푹자게됐어요ㅎㅎ,4.8,0
2018.12.21,68173,812**,깨끗하고 좋았습니당 ㅎㅎ,5.0,0
2018.12.20,68173,jum**,침대가 너무 편하거 좋아요,5.0,0
2018.12.15,68173,lkh**,verry good,5.0,0
2018.12.15,68173,Lch**,좋았어욤.......,4.5,0
2018.12.15,68173,521**,가격대비 만족합니다.,5.0,0
2018.12.12,68173,d_j**,"깨끗하고 좋았어요
",5.0,0
2018.12.11,68173,wkd**,저ㅎ아요!!!!!! 깨끗하고,5.0,0
2018.12.10,68173,Lch**,"직원분들이 너무친절합니다
감사합니다.",5.0,0
2018.12.08,68173,woo**,좋았습니다. 가성비굿,5.0,0
2018.12.07,68173,syc**,방 깨끗하고 좋았습니다,5.0,0
2018.12.06,68173,gam**,발렛이 좋았습니다.....,4.5,0
2018.11.30,68173,kam**,침구가 좋았습니다,5.0,0
2018.11.30,68173,kam**,침구가  좋아습니다,5.0,0
2018.11.30,68173,kam**,침구가 좋았습니다,5.0,0
2018.11.28,68173,fre**,"치ㅁ구깨끗 깔끔 좋았어요!!
",5.0,0
2018.11.27,68173,041**,괜찮았습니다~  ㄱㄱ,5.0,0
2018.11.18,68173,tkf**,"주차 시스템이 아주 좋고
직원이 친절 합니다",5.0,0
2018.11.14,68173,jul**,깨끗해서 매번 이용해요,4.8,0
2018.11.09,68173,Lch**,친절하구 인테리어 맘에들어요. 감사합니다,5.0,0
2018.11.08,68173,mus**,깨긋하고좋네요추천합니다,5.0,0
2018.11.05,68173,wkd**,조아요! ㅋㅋㅋㅋㅋㅋ,5.0,0
2018.11.01,68173,kbs**,따듯하게 잘 보냈습니다.,5.0,0
2018.10.31,68173,mmm**,깨끗하고 조용했어요,5.0,0
2018.10.26,68173,jcy**,항상 이용합니다 .  좋은 숙소입니다,5.0,0
2018.10.26,68173,jcy**,만족합니다 요즘 여기만 이용합니다,5.0,0
2018.10.26,68173,jcy**,전체적으로 맘에 들었습니다,5.0,0
2018.10.18,68173,jum**,침구가 좋아요! 냄새도 깔끔하구요,5.0,0
2018.10.17,68173,jum**,침대가 너무 좋아요!,5.0,0
2018.10.17,68173,jum**,침대가 너무 좋아용!!,5.0,0
2018.10.17,68173,wkd**,"깨끗해서 좋아요! ^^
",5.0,0
2018.10.16,68173,yak**,늘 좋은 곳입니다. 주변시설들도굿,5.0,0
2018.10.12,68173,thy**,너무 깨끗하고 친절하네요,5.0,0
2018.10.07,68173,sta**,깨끗해서 잘잤습니당,5.0,0
2018.10.06,68173,mdk**,깨끗하고 좋았어요 ㅎ,5.0,0
2018.09.30,68173,vio**,깨끗하고 좋았습ㄴ다,5.0,0
2018.09.27,68173,roc**,침구류도 좋고 침대도 좋고 아주 만족합니다,5.0,0
2018.09.15,68173,861**,많이 가던곳 나쁘지 않아요,5.0,0
2018.09.11,68173,sue**,ㅎㅎㅎㅎㅎㅎㅎ호 굿굿,5.0,0
2018.09.10,68173,don**,침구가 편안하고 좋았습니다,5.0,0
2018.09.03,68173,Min**,"친절하셨어요, 위치가 좋아서 자주이용할듯ㅎ",4.8,0
2018.09.01,68173,lmy**,깨끗하고 주차고 잘 되고 접근성도 좋았어요,5.0,0
2018.08.31,68173,jog**,"저렴하고
깨끗해서 좋았어요",5.0,0
2018.08.30,68173,qht**,"깨끗하고 좋아요
자주이용합니다",5.0,0
2018.08.29,68173,iam**,역삼 주변 가성비 최고의 숙소로 추천합니다!,4.5,0
2018.08.27,68173,jum**,깔끔하고 좋았어요!!,5.0,0
2018.08.20,68173,alw**,잘 자고 왔습니다.,5.0,0
2018.08.19,68173,ekg**,가격대비 넘나 굿 좋았어용~,4.5,0
2018.08.16,68173,nab**,조아요오러하아어이리,5.0,0
2018.08.15,68173,arn**,침대가 푹신푹신좋아용,5.0,0
2018.08.13,68173,luc**,깨끗하고 접근성도 좋아요,5.0,0
2018.08.13,68173,kim**,방과 화장실 모두 깨끗했어요!!,5.0,0
2018.08.11,68173,ake**,아주좋았습니다~~!!!^^,5.0,0
2018.08.09,68173,hye**,전체적으로 깔끔하고 좋았어요!,4.8,0
2018.08.05,68173,vio**,깨끗하고 좋았어요~~,5.0,0
2018.08.03,68173,kjd**,침구가 깨끗하고 편안했음,4.5,0
2018.07.25,68173,ljw**,프론트 직원분들이 친절합니다,4.5,0
2018.07.24,68173,200**,"잘 쉬었어요
감사합니다",5.0,0
2018.07.21,68173,ws7**,좋아요 좋아요 ㅎㅎ,5.0,0
2018.07.14,68173,ssh**,이쁘고 좋아요 다음에도 이용하고 싶어요,5.0,0
2018.07.09,68173,kim**,깨끗하고 정말 좋았습니다,5.0,0
2018.07.02,68173,lee**,침구도 편하고 깨끗해서 잘잤어여~,5.0,0
2018.07.01,68173,pin**,잠잘오는호텔입니다ㅡㅡ,5.0,0
2018.06.30,68173,ssh**,너무너무 좋았어요 다음에 재 방분 하고 싶어요,5.0,0
2018.06.29,68173,han**,나쁘지않았어요 ㅎㅎ,4.5,0
2018.06.28,68173,pin**,출장시항상애용합니다,5.0,0
2018.06.28,68173,pin**,만족합니다요항상요,5.0,0
2018.06.26,68173,wot**,방이 너무 좋네요 ,5.0,0
2018.06.26,68173,wot**,침구가 깨끗해서 좋네요,5.0,0
2018.06.12,68173,msc**,굿잡ㅋㅋㅋㅋㅋㅋㅋㅋ,5.0,0
2018.06.08,68173,yak**,걍 선택하세요 깨끗함,5.0,0
2018.06.07,68173,djc**,굿굿굿굿굿굿굿굿국굿,5.0,0
2018.06.07,68173,yak**,네 다른분들도좋은여행~,5.0,0
2018.06.05,68173,pin**,"만족해요
항상 편함",5.0,0
2018.06.05,68173,ws7**,ㅎㅎ 좋아요 좋아요,5.0,0
2018.06.04,68173,seu**,옆건물이 맘에 안들지만 좋아요,5.0,0
2018.06.02,68173,sky**,금요일이여두 입실시간이 빨라서 너무좋앗습니다~!,5.0,0
2018.06.01,68173,cho**,청결하고 담배 냄새가 전혀 없어서 좋았음.,4.5,0
2018.06.01,68173,yak**,여친이랑 놀기좋은 가성비굿,5.0,0
2018.05.31,68173,sen**,"깨끗해요
방음이 약해요",4.8,0
2018.05.31,68173,pin**,만족해요 항상애용,5.0,0
2018.05.30,68173,pin**,굿입니다요~~~~~~,5.0,0
2018.05.29,68173,pin**,"굿~~^^
입니다요
항상 편해요",5.0,0
2018.05.28,68173,pin**,항상 애용하는 비지니스~~^^호떼루,5.0,0
2018.05.22,68173,boy**,^^좋앗어여 또올게여,4.5,0
2018.05.20,68173,vio**,깨끗하고 조아여~~~~,5.0,0
2018.05.19,68173,dlw**,침대가 너무 좋아요,5.0,0
2018.05.15,68173,pin**,"너무좋아장기투숙예정입니다
집처럼 편안합니다
추천합니다",4.8,0
2018.05.02,68173,yes**,깨끗하고 좋았어요!,5.0,0
2018.04.23,68173,con**,깨끗하고 매번 좋아요,4.8,0
2018.04.14,68173,dlt**,깔끔 접근성도좋아요,5.0,0
2018.04.12,68173,yak**,안좋은후기는 성격에안맞는다고 대응하는게 실망이네요,5.0,0
2018.04.09,68173,jhs**,좋았습니다.....,5.0,0
2018.04.08,68173,vio**,조아요~~~~~~~~,5.0,0
2018.04.01,68173,vio**,깨끗하고 괜차늠.~~,5.0,0
2018.03.25,68173,vio**,깨끗하고  ㆍ즣네용~~~,5.0,0
2018.03.21,68173,pin**,항상깨끗 컨디션굿입니다,5.0,0
2018.03.18,68173,wkd**,친절하고 좋아요!!,5.0,0
2018.03.13,68173,kbs**,단골 손님을 신경 많이 써주세요^^,5.0,0
2018.03.04,68173,019**,거울이 없어서 불편하네요 ,5.0,0
2018.02.21,68173,kbs**,영화 보기 좋습니다.,5.0,0
2018.02.14,68173,wkd**,깨끗하고 침구가 넘 편해서 좋아요,5.0,0
2018.02.12,68173,pol**,좋아요. 따뜻했어요.,5.0,0
2018.02.12,68173,shr**,방이진짜너무너무예뻐요,5.0,0
2018.02.10,68173,jbg**,너무너무 깨끗해서 좋았습니다,5.0,0
2018.02.08,68173,mun**,방온도가 좀 늦게올라와요,5.0,0
2018.02.08,68173,cra**,처음이용했는데 가격대비 상당히 만족합니다..,5.0,0
2018.02.07,68173,gen**,"만족합니다. ^^
",5.0,0
2018.02.06,68173,gen**,아주 따뜻하고 만족스러웠어요. ^^,5.0,0
2018.02.06,68173,rem**,자주 이용하는곳중 하나인대 방 따뜻하고 좋았어요,5.0,0
2018.02.01,68173,mic**,방이 정말 따뜻하고 깔끔해서 좋았어요!,4.5,0
2018.01.30,68173,rem**,자주이용하는곳입니다 가성비 아주좋아요,5.0,0
2018.01.22,68173,dol**,좋았어여 깨끗하고 굿,5.0,0
2018.01.07,68173,you**,조용하고 업그레이드해주어서 좋았음,5.0,0
2018.01.05,68173,kbs**,10번 이상 이용했는데 다른곳보다 좋습니다.,5.0,0
2017.12.31,68173,sdi**,"2틀 연박했는데 위치,  시설 모두 만족 합니다",5.0,0
2017.12.29,68173,sdi**,지난 방문이후 두번째 방문인데 역시 좋았습니다,5.0,0
2017.12.29,68173,wkd**,넘넘 만족해요~!!!!!!!,5.0,0
2017.12.25,68173,mae**,추가요금이 비싼거 빼고는 좋았어요,5.0,0
2017.12.24,68173,jag**,감사합니다. 감사합니다. ,5.0,0
2017.12.22,68173,kbs**,가성비가 너무 좋은 곳입니다.,5.0,0
2017.12.15,68173,ado**,조아요 깔끔하네요 ,5.0,0
2017.12.11,68173,gks**,접근성이 좋아요 굳,5.0,0
2017.12.10,68173,vio**,깨끗하고 좋음~~~,5.0,0
2017.12.09,68173,suu**,침대가넘나푹신하고아늑하고쾌적해오,5.0,0
2017.12.07,68173,hks**,괜찮고 좋았습니다~,5.0,0
2017.11.23,68173,vio**,깨끗하고 잘정리되어있음,5.0,0
2017.11.22,68173,ssi**,좋았어요 좋았어요 굳,5.0,0
2017.11.22,68173,big**,깨끗하고 좋아요!,4.8,0
2017.11.18,68173,hur**,good clean kind,5.0,0
2017.11.17,68173,pon**,"항상리치웰입니다
창문있음",5.0,0
2017.11.17,68173,ekd**,다시 이용하고 싶을 정도로 마음에 드네요!,4.5,0
2017.11.16,68173,pon**,"좋아요~~^^
잠이잘와요",5.0,0
2017.11.16,68173,vio**,깨끗하고 좋았어용~~,5.0,0
2017.11.15,68173,min**,편하게 잘보냈습니다,5.0,0
2017.11.15,68173,min**,따뜻하고 편안하게 하루 잘보내고 갑니다,5.0,0
2017.11.11,68173,vio**,물이 약한게 이외에는 다 좋았음,5.0,0
2017.11.06,68173,kis**,깨끗해서 좋아요~!,5.0,0
2017.11.04,68173,cuc**,너무깨끗하고 좋앗습니다,5.0,0
2017.11.01,68173,dom**,오ㅏㄴ전좋았어요!!!,5.0,0
2017.10.27,68173,sap**,비즈니스로 좋았습니다,4.8,0
2017.10.27,68173,sap**,비즈니스로 좋았어요,4.8,0
2017.10.27,68173,sap**,좋았어요 방마다 차이있고요,4.5,0
2017.10.26,68173,cat**,깨끗하고 편안해요 맘에 들었습니다,5.0,0
2017.10.26,68173,sin**,방깨긋하고 편하게 쉬다가왔숩니다,5.0,0
2017.10.26,68173,re2**,젛았습니다 ^^ 또 갈게요,5.0,0
2017.10.19,68173,chu**,시설대비 깨끗하고 좋네요,5.0,0
2017.10.18,68173,chu**,가격대비 쾌적하고  좋아요,5.0,0
2017.10.14,68173,jun**,좋아요 좋아요 좋아요,5.0,0
2017.10.13,68173,tae**,침구가 좋았고 전체적으로 좋았어요~!,5.0,0
2017.10.13,68173,gel**,  직원분들 친절하고 방도 깔끔하고 퍼펙트에요,5.0,0
2017.10.12,68173,to0**,객실  업그레이드 되서 넓고 좋았습니다.,5.0,0
2017.10.12,68173,rec**,"업그레이드도 해주시고 깔끔하고 좋았ㅅㅂ니다
재방문",5.0,0
2017.10.12,68173,kbs**,항상 만족하고 있네요~,5.0,0
2017.10.07,68173,max**,생각보다 깨끗해요~,5.0,0
2017.10.07,68173,kdw**,깨끗하고 친절해서 편하게 쉬다 갑니다,5.0,0
2017.10.06,68173,rem**,자주 가는곳입니다 추천!!,5.0,0
2017.10.04,68173,kyh**,무척이나 만족했습니다,5.0,0
2017.10.03,68173,lsm**,약간 춥기는 했지만 깔끔하고 좋았어요~!,5.0,0
2017.10.03,68173,pk6**,시설이랑 서비스만족합니다,5.0,0
2017.10.02,68173,gwa**,넘 조음 또 갑니다,5.0,0
2017.10.01,68173,cac**,역삼동 리치웰 아늑하고 분위기가좋았어요,5.0,0
2017.09.30,68173,rem**,가격대비 좋아서 자주 이용합니다!!,4.8,0
2017.09.30,68173,ian**,친절하고 깨끗하고 너무 좋았어요!!,5.0,0
2017.09.29,68173,gel**,직원분들도 정말 친절하시고 룸도 깨끗하고 편안합니다,5.0,0
2017.09.28,68173,sly**,좋았습니다 무난했어요,5.0,0
2017.09.26,68173,gel**,직원분들 정말 친절하고 룸상태도 좋습니다,5.0,0
2017.09.26,68173,bun**,가격대 느낌이 정말 좋았습니다.,4.5,0
2017.09.25,68173,kbs**,10번정도 이용했으나 항상 좋음,5.0,0
2017.09.22,68173,nuc**,혼자 출장와서 쉬기 좋았습니다.,4.8,0
2017.09.22,68173,dad**,굿!! 가격대비 좋음,4.8,0
2017.09.20,68173,qkr**,시설도 깨끗하고 좋았어요~,4.8,0
2017.09.18,68173,foq**,"뷰 최고 에요 
방도 깨끗하고",5.0,0
2017.09.18,68173,dms**,참좋은곳이었어요~~,5.0,0
2017.09.14,68173,ckd**,언제나 편안하게 잘쉬다가갑니다,5.0,0
2017.09.13,68173,gom**,깨끗하고저렴하고친절함,5.0,0
2017.09.09,68173,jun**,굿굿굿굿굿ㅋㅋㅋ ㅋ,5.0,0
2017.09.06,68173,vio**,깨끗하고 시설좋아용,4.8,0
2017.09.06,68173,sbn**,"넘좋아요
깨끗하고 
",5.0,0
2017.09.05,68173,dav**,최신 시설이고 깔끔해요,5.0,0
2017.08.30,68173,mod**,침구가좋아요 룸서비스맛있구요,5.0,0
2017.08.24,68173,kks**,방이 깨끗해서 넘좋네요,5.0,0
2017.08.23,68173,dav**,마ㄴ족해요 깨끗하고 시설도 최신이고,5.0,0
2017.08.20,68173,ckd**,언제나처럼 잘쉬었습니다,5.0,0
2017.08.16,68173,dom**,방이 너무이쁘고 분위기 짱,4.8,0
2017.08.16,68173,ckd**,침구는진짜최고인듯함,5.0,0
2017.08.13,68173,vio**,방깨끗하고 좋아요~~,5.0,0
2017.08.11,68173,ckd**,생각보다 너무 좋아서 놀랬습니다.,5.0,0
2017.08.10,68173,lun**,침구가 편하고 좋았어요,5.0,0
2017.08.07,68173,jhg**,깔끔하고 교통이 좋았어요,5.0,0
2017.08.07,68173,joo**,깨끗하고 친절했어요,5.0,0
2017.07.28,68173,leg**,좋네요 가성비 80정정도!!,5.0,0
2017.07.21,68173,usm**,여러가지면으로 깔끔하고 좋았습니다.재방문 150프로,4.5,0
2017.07.16,68173,jag**,ㅋㅋㅋㅋㅋㅋㅋㅋ 감사요,5.0,0
2017.07.11,68173,jag**,ㄱㅅ ㄱㅅㄱㅅ 감사합미다,5.0,0
2017.07.09,68173,flo**,좋음,5.0,0
2017.06.18,68173,fun**,침구가 푹신푹신해요,5.0,0
2017.06.17,68173,fun**,깨끗하고   좋아요,4.5,0
2017.06.05,68173,bjk**,깔끔하고 편했습니다,5.0,0
2017.05.21,68173,rot**,하루 보내기 좋았어요,4.5,0
2017.05.19,68173,g10**,진심 좋아요 전망도 좋고,5.0,0
2017.05.13,68173,myu**,깨긋하여 맘에 듭니다.,4.8,0
2017.04.30,68173,hoc**,제가 예약했던 방보다 작았어요,5.0,0
2017.04.24,68173,luc**,"가성비로는 굳!!!!!
자주 갑니다.",5.0,0
2017.04.13,68173,kbs**,가성비가 좋아요^^,5.0,0
2017.03.25,68173,jhn**,"좋아요 완전
 ㅎㅎㅎ",5.0,0
2023.04.21,68173,lgc**,깨끗하고 좋았습니다.,4.0,0
2023.04.11,68173,phi**,"체크인 시간을 잘못안내해주셔서 문제가될빤했는데, 친절히 안내하주심",3.0,0
2023.03.03,68173,moo**,무난해서 종종 이용합니다,4.0,0
2023.02.28,68173,wlg**,깔끔하고 좋았습니다.,4.0,0
2023.01.22,68173,kyo**,가성비 좋고 주변에 맛집도 많아요,4.0,0
2023.01.08,68173,ylo**,좋아요~!~!~~~,4.0,0
2022.12.18,68173,chl**,주차도 편하구 자주 이용해요,4.0,0
2022.12.05,68173,chl**,"자주 이용하는데 깔끔하구
주차도 편리해요~",4.0,0
2022.12.01,68173,kjh**,먹자골목에 위치해서 편리하고 좋아요,4.0,0
2022.10.21,68173,pri**,젠체적으로  쏘쏘했어요,4.3,0
2022.08.07,68173,dlw**,좋아요~~~~~~~~,4.3,0
2022.05.06,68173,nic**,좋았습니다. 잘쉬다갑니다,4.0,0
2021.10.29,68173,kwl**,방도 업그레이드받아 너무 쾌적하게 있다가요!,4.0,0
2021.05.23,68173,rla**,깔끔하고 좋았어요~만족해요,4.0,0
2021.04.05,68173,oni**,다음에또 이용할게요,4.0,0
2021.02.13,68173,ef4**,좋아요 다음에 또갈께요,4.0,0
2021.02.10,68173,op9**,4명이서 머물렀는데 자쿠지도 있고 깨끗하고 좋았습니다,4.0,0
2020.11.06,68173,rhd**,치ㄴ절했어요~온수매트가 없는건 아쉬웠어요,4.0,0
2020.07.18,68173,zan**,까ㄹ끔햇고 구ㅐㄴ찮았습니다,4.0,0
2020.04.12,68173,hjg**,나쁘지 않아요 가성비 샹각하면,4.3,0
2020.02.01,68173,bum**,soso 합니다 주변에 비해 깨끗합니다,4.0,0
2020.01.29,68173,suj**,늦은 시간에도 불편사항 친절하게 처리해주셨어요,4.0,0
2020.01.09,68173,bol**,수건이  마르는과정서 냄새가 밴듯합니다,4.0,0
2020.01.08,68173,luc**,침실도 깨끗하고 따뜻해요,4.0,0
2019.12.27,68173,lej**,조ㅎ아요!!~~~~,4.0,0
2019.11.18,68173,410**,외부 소음이 조금 있는것 말고는 전체적으로 만족했네요,4.3,0
2019.11.11,68173,han**,깔끔하였습니다. 괜찮았어요,4.3,0
2019.10.26,68173,pos**,깔끔하고 좋아요. 자주 이용중ㅎ,4.0,0
2019.10.19,68173,you**,생각보다 깨끗하구 좋앗어용,4.3,0
2019.10.05,68173,two**,침구가 좋았어요 ! 담배냄새도 많이 안났습니다.,4.3,0
2019.10.02,68173,pt9**,깨끗하고 만족해요,4.0,0
2019.08.12,68173,gjc**,깨끗하고 좋았어요!,4.3,0
2019.07.23,68173,hyo**,대체적으로 만족스러웠어요,4.0,0
2019.06.29,68173,e36**,시설이 좋아서 만족해요! ,4.3,0
2019.06.12,68173,syh**,아주 깔끔하고 좋았습니다,4.0,0
2019.06.07,68173,yun**,방이 전체적으로 깔끔하고 좋았어요,4.3,0
2019.05.30,68173,red**,깨끗하고 젛아요 ㅎㅎ,4.3,0
2019.04.28,68173,xto**,방이 넓습니다 노트북도 있고 풍경도 좋아요,4.3,0
2019.04.28,68173,sou**,깨끗한 숙소입니다,4.0,0
2019.04.26,68173,ruw**,좋았어요!!!!!!,4.0,0
2019.03.13,68173,seo**,너무 좋았습니다.,4.0,0
2019.02.26,68173,lee**,굳굳스였어요! ! !,4.3,0
2019.01.24,68173,ssa**,만족합니다.굿입니다,4.3,0
2019.01.17,68173,jus**,깨끗했어용. 굳굳굳,4.0,0
2019.01.11,68173,ono**,괜찮았어요 굿굿!!,4.0,0
2018.12.31,68173,tar**,조았어요. 다음에 또 올 예정,4.0,0
2018.12.28,68173,Lch**,정확히 11시30분 콜옴 체크아웃 ㅋㅋ 괜찬음,4.0,0
2018.12.26,68173,dnf**,"깨끗하고, 인테리어가 너무 예쁘고 좋았습니다",4.0,0
2018.12.25,68173,blu**,침구가 깨끗해서 좋았어요.,4.0,0
2018.12.20,68173,kih**,좋랐어용~~~~~~,4.0,0
2018.12.18,68173,dpq**,직원분이 착하셔서 너무 좋았어요~,4.0,0
2018.12.04,68173,wkd**,잘 묵고 갑니다. ,4.0,0
2018.12.03,68173,jum**,침구류가 너무 좋아용,4.0,0
2018.11.29,68173,Lch**,단골은 업그레이드좀 해줌좋을거 같아요,4.0,0
2018.11.23,68173,leo**,이불은 좋은데 너무 무거워서 살짝 답답했어요,4.0,0
2018.11.21,68173,lee**,그런 좋았어요...,4.0,0
2018.11.11,68173,lov**,그냥 그럭저럭 괜찮았어요,4.0,0
2018.11.04,68173,jul**,침대가 깨끗해서 편안하게잤어요,4.0,0
2018.11.04,68173,lov**,세면대 물이 잘 안빠진거 외에는 괜찮았어요,4.0,0
2018.11.04,68173,dlt**,전체적으로 깔끔했어요,4.0,0
2018.11.03,68173,qor**,몇년전에좋았던기억으로다시찾았지만...많이변했드라구요.앞으로는안갈듯요.,3.0,0
2018.10.31,68173,hae**,침대가 좋았습니다.,4.0,0
2018.10.28,68173,nww**,침대가 너무 편했어요,4.0,0
2018.10.23,68173,coo**,칭대가 너무 편해서 잠이잘와요~,4.0,0
2018.10.20,68173,thy**,깨끗하고 이용할때마다 조아요,4.0,0
2018.10.17,68173,sor**,친구들과 갔는데  깔끔하고  좋았어요!,4.0,0
2018.10.16,68173,jn7**,다좋은데 욕조와 세면대 물이 너무안빠져요,4.0,0
2018.10.13,68173,jul**,깨끗하고 좋았어요^^,4.0,0
2018.09.13,68173,seo**,친구가 깨끗했어용,4.0,0
2018.09.12,68173,jul**,"괜찮네요
잘만해요~~^^",4.0,0
2018.09.04,68173,ljd**,조ㅎ아용ㅎㅎㅎㅎㅎㅎㅎ,4.0,0
2018.09.03,68173,kmj**,교통이 좋은 곳에 위치함,4.0,0
2018.08.28,68173,cyp**,깔끔하고 역이랑 가까워요!,4.0,0
2018.08.20,68173,hih**,"위치는  모텔골목이라 불편했는데
깨끗하고좋았어요",4.0,0
2018.08.16,68173,onl**,편안히 잘 쉬고 갔습니다~,4.0,0
2018.08.03,68173,tel**,"세면대에서 올라오는 하수구 냄새가...
괜찮았는데 방음이 안좋은게 아쉽네요",3.0,0
2018.08.02,68173,sin**,깨끗하고깔끔하고 좋았어요~~,4.3,0
2018.07.26,68173,kjd**,직원들은 다소 사무적임,4.3,0
2018.07.22,68173,ktw**,침구도 깨끗하고 좋았어요,4.0,0
2018.06.22,68173,iam**,침구도 깨끗하고 비흡연방으로 주셔서 참 좋았습니다!,4.3,0
2018.06.21,68173,lik**,비즈니스 호텔로 무난함. ,4.3,0
2018.06.18,68173,phj**,대체적으로 좋았어요~ㅎ,4.0,0
2018.06.07,68173,djn**,담배냄새가 아쉬웅 ㅠㅠㅠ,4.0,0
2018.06.05,68173,djn**,완전 죠았음 ㅋㅋㅋㅋ 짱입니다 ㅋㅋㅋ,4.0,0
2018.05.22,68173,dfa**,가격대비괜찮앗어요..,4.0,0
2018.05.20,68173,jdy**,근처 동일 가격 숙소 중에 가장 넓어요,4.0,0
2018.05.19,68173,tra**,깨끗하고 좋았어요.,4.3,0
2018.05.06,68173,bin**,전체적으로 만족했습니다,4.0,0
2018.04.29,68173,ted**,침대도 넓은편이고 방이 깨끗해서 좋았어요,4.0,0
2018.04.23,68173,wns**,생각보다 만족스러웠어요,4.0,0
2018.04.20,68173,and**,"깨끗하고 좋았어요, 항상 후회없어요",4.0,0
2018.04.18,68173,ddp**,가격 대비 늘 만족스럽습니다,4.0,0
2018.04.17,68173,ipa**,까ㄹ끔하고 좋습니다,4.0,0
2018.04.16,68173,the**,조용하고 깨끗하고 친절하고 대만족,4.0,0
2018.04.15,68173,ddp**,위치 시설 가격 다 만족스러웟습니다,4.0,0
2018.04.12,68173,21y**,침구류 깨끗해좋아요,4.0,0
2018.04.09,68173,you**,깨끗하고 새로운 분위기,4.0,0
2018.04.07,68173,tof**,깨끗하고 좋아써효~,4.0,0
2018.04.07,68173,ddp**,위치 좋고 좋은 시설 좋습니다,4.0,0
2018.04.03,68173,guu**,자주애용합니다 깨끗하고 조아요,4.0,0
2018.03.22,68173,jeo**,깨끗한것같아요 위치도 나름 굿,4.0,0
2018.03.20,68173,moo**,생각보다 넓직하고 좋았어요,4.0,0
2018.03.11,68173,21y**,좋았어요~~~침구류가,4.0,0
2018.03.11,68173,bbn**,깨끗하고 편안했습니다,4.0,0
2018.02.24,68173,ic1**,가성비가 좋습니다.,4.0,0
2018.02.22,68173,ic1**,모든것이 좋았습니다.,4.0,0
2018.02.22,68173,mus**,"조식이있어좋았는데없어졌고
냉장고가없어서당황했네요",4.0,0
2018.02.09,68173,cra**,만족합니다..가격대비 무난합니다..,4.0,0
2018.02.02,68173,wkd**,업그레이드까지 해주시고 좋았어요,4.0,0
2018.02.02,68173,don**,나쁘지않았어요 ㅎㅎ,4.3,0
2018.02.02,68173,wkd**,깨끗해서 좋아요!!!!!,4.0,0
2018.01.30,68173,chg**,베개가편해요 ㅎ 근데건조,4.0,0
2018.01.28,68173,egg**,그냥가격대비 괜찮음. 직원ㅅㅓ비스도좋구요,4.0,0
2018.01.25,68173,goo**,다좋은데 방음이 잘안되는것같아요,4.0,0
2018.01.23,68173,khc**,좋았어요 직원분들도 친절하시구요,4.0,0
2018.01.14,68173,djn**,침구가 좋았으며. 일단 내부가 따뜻함,4.3,0
2018.01.13,68173,dkk**,따뜻하고좋았어요단지좀 위에서시끄러워서,4.3,0
2018.01.13,68173,cul**,따뜻해요 주변은 조금 무섭지만 ㅠ,4.0,0
2018.01.12,68173,osj**,"욕실 타월에 여자 머리카락이 붙어있었음.
출장시 자주 이용하는 곳임. ",3.0,0
2018.01.10,68173,dem**,시설좋았구 딱히 흠잡을곳은 없었네요,4.3,0
2017.12.29,68173,lj4**,혼자자기좋습니다.,4.0,0
2017.12.24,68173,cnd**,친절하고 방정리상태양호,4.3,0
2017.12.21,68173,isy**,깨끗하고 나름 좋아요.,4.3,0
2017.12.17,68173,hyo**,가격이 저렴했고 가성비는 좋아요..,4.0,0
2017.12.16,68173,oma**,not bad   ,4.0,0
2017.12.16,68173,spe**,깔끔하고 좋았어요,4.0,0
2017.11.30,68173,egg**,너무조았습니다 ㅎㅎㅎ,4.0,0
2017.11.29,68173,eth**,편히잘쉬었습니다^^,4.0,0
2017.11.28,68173,pin**,깨끗했어요.,4.0,0
2017.11.23,68173,ocs**,전반적으로 나쁠건 없었습니다.,4.0,0
2017.11.19,68173,foq**,두번째 방문인데 여전히 깨끗하고 여전히 좋네요,4.0,0
2017.11.18,68173,nad**,오픈 시기에는 좋았는데. 점점 시간이 갈 수 록 청결이 떨어지네요.,3.3,0
2017.11.14,68173,rod**,빅타올을 구비했으면...,4.3,0
2017.11.01,68173,egg**,가격대비 대만족입니다,4.3,0
2017.11.01,68173,cjh**,좋앗어요. 깨끗햇구요,4.3,0
2017.10.29,68173,for**,편하게 잘 쉬다가 왔습니다,4.0,0
2017.10.28,68173,rpt**,"전체적으로 만족
욕조청소를 신경써줫으면",4.3,0
2017.10.24,68173,jih**,좋앟어요~ 출장이용시 좋아요,4.3,0
2017.10.20,68173,day**,모텔이랑 큰 차이는 없었지만 깨끗했어요,4.0,0
2017.10.15,68173,awe**,저번에도 방문했지만 깨끗해서 만족해요!,4.0,0
2017.10.14,68173,21y**,직윈들친젏가고 침구류좋았어요 깨끗하고~~,4.0,0
2017.10.11,68173,gkt**,좋아요~!!!!!!,4.0,0
2017.10.10,68173,kim**,깔끔했는데 문밖소리가 들려요..,4.0,0
2017.10.09,68173,cha**,이번일정이 바뻐서 관심을 갖지못했어요 보편적으로 좋았던거같아요,3.0,0
2017.10.09,68173,you**,깨끗하고 항상 만족합니다,4.0,0
2017.10.05,68173,gga**,깔끔하고 좋았습니다 !! ,4.3,0
2017.10.04,68173,dif**,깨끗하고 욕실이커서 좋았는데 거울이 없어요 욕실 1개뿐,3.3,0
2017.10.03,68173,dsh**,가격대비 만족압니다.,4.3,0
2017.10.02,68173,egg**,침구가 너무깨끗해 잘잤습니다 가격도 저렴하구요,4.0,0
2017.10.02,68173,wor**,두번째이용했습니다!,4.0,0
2017.09.28,68173,ktw**,"모탤같은 느낌이 많이나나
침대만큼은 끝내줌 잠이 소로록",3.0,0
2017.09.26,68173,wor**,시설좋고 깔끔합니다!,4.0,0
2017.09.25,68173,yak**,너무너무너무너무너무 괜찮아요,4.0,0
2017.09.24,68173,can**,방이 깨끗하고 좋았어요,4.3,0
2017.09.23,68173,sen**,잘 묵고 갑니다~~~,4.0,0
2017.09.22,68173,gpf**,깔끔하고 좋았습니다,4.0,0
2017.09.18,68173,eri**,샤워실에 물품둘 곳이 없던 것만 빼면 만족입니다:),4.3,0
2017.09.16,68173,qwe**,방이너무 깨끗하고 깔끔했어용!!,4.3,0
2017.09.16,68173,par**,깔끔하고 가격도 저렴하네요,4.0,0
2017.09.10,68173,pcr**,편안하게 잘 쉬었네요,4.0,0
2017.09.06,68173,myd**,괜찮았어요 근데 작은 방아 흠,4.0,0
2017.08.27,68173,mel**,깨끗하고 쾌적해요,4.0,0
2017.08.15,68173,did**,굿국굿 ㅇㅇㅇㅇㅇㅇㅇ,4.0,0
2017.08.13,68173,leh**,가성비가좋아요~~,4.0,0
2017.08.05,68173,jud**,"사진하고 객실이 차이가 많아요
(실망~)
주차도 1대만되고요 ㅠㅠㅠㅠ",3.0,0
2017.07.22,68173,eun**,깨끗해서 잘이용했습니다 ㅋㅋ,4.0,0
2017.07.22,68173,sic**,청결상태가 좋앗어요!!,4.3,0
2017.07.21,68173,dnd**,괜찬습니다. 우산도 빌려줍니다.,4.3,0
2017.04.30,68173,cho**,굿!!!!!!!!!,4.3,0
2017.04.26,68173,bad**,위치도 좋고 잘쉬었어요,4.0,0
2017.04.16,68173,nac**,무난하게 좋았네요 다음에도 이용의사 있습니다,4.0,0
2017.04.09,68173,par**,전체적으로 깔끔한 인상이었습니다 굳,4.0,0
2023.04.11,68173,tif**,주차하려면 5만원 추가결제하라던데 너무 양아치아닌가싶어요,2.5,0
2023.01.13,68173,tol**,깨끗하고 아담하네요~,3.8,0
2022.11.20,68173,Jun**,시설 매우좋아요.추천 넓구요,3.8,0
2022.10.11,68173,seo**,"저 혼자 왔는데 침구 그리고 화장실에 머리카락이
어후 
클레임 걸려다 그냥 잤어요",2.5,0
2022.08.21,68173,8rw**,베게피가 너무 더러워서 쓰지않았습니다,3.8,0
2022.03.11,68173,new**,"신분증 맡기고 
노트북 대여 가능",3.5,0
2021.02.20,68173,je6**,잘~~지내써요~^^,3.5,0
2020.12.23,68173,jou**,^^ 나쁘지 않았어요,3.5,0
2020.12.17,68173,yhj**,깨끗하고 좋았어요!,3.8,0
2020.11.12,68173,yon**,나쁘지랂았어요ㅎㅎㅎ,3.8,0
2020.07.31,68173,akr**,저렴한맛에써용 가격대비 훌륭,3.5,0
2020.05.30,68173,arc**,바ㅇ은 전반적으로 깨끗했고 시설도 깔끔한 편이네요,3.8,0
2020.05.21,68173,sem**,샤워실에 하수구 물빠짐만 빼면 다 괜찮았습니다,3.8,0
2020.01.10,68173,smo**,방은 작지만 인테리어는 좋았습니다......,3.8,0
2020.01.09,68173,yea**,아주 깔끔하고 마음에 들었어요!,3.5,0
2019.10.31,68173,tig**,마 시설 ㅁ갈끔하고 침구도 청결했습니다,3.8,0
2019.06.12,68173,ysk**,하루전 미리 예약하면 불리합니다. 더비쌉니다. 쏙은 기분입니다.,2.3,1
2019.04.18,68173,gw0**,^^나쁘지 않았습니다,3.8,0
2019.04.13,68173,rea**,나쁘진 않았어요..,3.5,0
2019.04.03,68173,kum**,깨끗합니다 . 친절하고 주차도 편합니다.,3.5,0
2019.03.27,68173,joy**,직원들이 친절하고 좋았습니다.,3.5,0
2019.02.20,68173,ora**,담배냄새빼곤 다괜찮은편임,3.8,0
2018.12.21,68173,laz**,고ㅐㄴ찮았어요어둡긴해도,3.5,0
2018.12.14,68173,com**,드라이기꽂을콘센트가없었어요,3.5,0
2018.12.11,68173,ans**,청결하나 찾기어려음,3.8,0
2018.12.03,68173,zkf**,전체적으로 깔끔해서 좋음.,3.8,0
2018.11.29,68173,doo**,방이 예뻐서 좋았어요!,3.8,0
2018.11.29,68173,aco**,나쁘지않은것 같아요,3.8,0
2018.11.19,68173,kim**,무난하니 괜찮았어요,3.5,0
2018.10.23,68173,thy**,화장실 냄새가 올라와서 좀 역했습니다~,3.5,0
2018.10.14,68173,coo**,침구가편했어요...,3.5,0
2018.09.28,68173,ste**,"깨끗은했는데 방에 기름 끼 가 있는지 
미끄러웠어요",3.8,0
2018.09.23,68173,che**,깔끔하고 ㅎㅎ 너무 좋았어요~ 만족합니다,3.8,0
2018.09.20,68173,and**,"깨끗해요, 가격도 적당하고~",3.8,0
2018.09.18,68173,tak**,전반적으로 평이해요,3.8,0
2018.09.14,68173,dik**,방이 좀 작았지만 좋았어요,3.5,0
2018.09.08,68173,lee**,"침구 교체시기가 왓네요
..",3.5,0
2018.08.30,68173,cjk**,시설이나 여러면에서 가격대비 추천하고 싶지 않아요 커플은 가지 마세요,2.8,1
2018.08.24,68173,yye**,매우 깨끗하고 좋은 숙소 였습니다,3.8,0
2018.08.24,68173,m_m**,에어컨 필터 냄새가 너무 나서 에어컨을 킬 수가 앖었어요,2.8,1
2018.08.13,68173,bet**,깨끗했어요 추천해요,3.8,0
2018.08.05,68173,dog**,인테리어 깔끔하구 좋아요!!,3.8,0
2018.08.05,68173,zkx**,사진보단 스위트룸이지만 그닥...,3.5,0
2018.08.04,68173,dbw**,침구가 좋았어요,3.5,0
2018.08.01,68173,ste**,침구랑 베개가 깨끗하고 좋았어요,3.8,0
2018.07.26,68173,ktd**,소소합니다~~~~~~,3.8,0
2018.07.23,68173,ksh**,욕조 샤워기 교체가 필요합니다.,3.8,0
2018.07.21,68173,ala**,침대에서 머리카락 3개 발견했고 이불 겉감이 구겨져 있었습니다.,2.8,0
2018.07.19,68173,ide**,가성비 좋음!ㅇㅇㅇ,3.5,0
2018.07.17,68173,sjs**,직원이. 친절하고. 시설만족합니다,3.5,0
2018.07.08,68173,hum**,방깨끗하고 좋은대 에어컨이 너무 약해서 좀 더웠어요,3.8,0
2018.06.10,68173,yak**,"깨끗한 시설이 좋았고,
직원들은 너무 불친절함",3.8,0
2018.06.04,68173,hun**,좋았어요.!ㅎㅎ환기랑  세면대 냄세빼고,3.8,0
2018.04.21,68173,you**,방음이 안좋아요. 옆.위방 물 내려가는 소리가 납니다,3.5,0
2018.04.18,68173,jun**,위층에서 물내려오는 소리가 심하게 들립니다.,3.8,0
2018.02.23,68173,sp0**,깨끗했어요 좀 더 따뜻했으면좋겠네요,3.8,0
2018.02.15,68173,a72**,침구에 모래같은게 갈때마다 있는 느낌,3.8,0
2018.02.11,68173,woo**,에이스침대너무좋아요,3.5,0
2018.02.07,68173,gh1**,좋아요 담에 또 가려고요,3.8,0
2018.02.03,68173,jos**,괜찮아습니다....,3.8,0
2018.01.22,68173,ske**,엄청 중요한 분실물을 잃어버렸는데 성의있게 찾아주시질 않으시네요,2.8,1
2018.01.18,68173,re2**,출장왔는데 좋았습니다,3.5,0
2018.01.17,68173,mo0**,위생상태좋아요 방음이잘안됩니다,3.8,0
2017.12.23,68173,hum**,조금 구조가 답답한거 빼고는 괜찮았어요,3.5,0
2017.12.09,68173,car**,"보통이었습니다
전반적으로",3.5,0
2017.12.07,68173,luc**,조ㅎ아열오러러ㅓ어러어어,3.8,0
2017.12.03,68173,yun**,깨끗하고 깔끔했어요.,3.8,0
2017.11.10,68173,95j**,깔끔하고 가성비 좋았어요,3.8,0
2017.11.06,68173,sun**,전체적으로 깔끔한것이 좋네요,3.5,0
2017.11.05,68173,te2**,테이블이 없어서 좀 아쉬웠어요,3.5,0
2017.11.02,68173,ari**,바닥이며 욕실에 머리카락 너무 많다..청결하지 않고 유흥업소들 사이에 위치..,2.3,1
2017.11.01,68173,95j**,깨끗하고 위치가 좋았어요,3.8,0
2017.10.26,68173,lsm**,그럭저럭이고  직원들은 친절합니다,3.8,0
2017.10.14,68173,egg**,너무그냥조아요ㅎ. 자주가는곳임,3.8,0
2017.10.13,68173,dms**,욕조 조아요~  방 업그레이드하길잘햇어요,3.5,0
2017.09.25,68173,anw**,역 근처에 있어서 좋았어요,3.8,0
2017.09.16,68173,djn**,나쁘지 않은듯 ㅋㅋ고급진 부분도 있고,3.5,0
2017.09.09,68173,mar**,생각보다 시설이 좋지 않았어요 ㅠ 하지만 친절하셨습니다,2.8,0
2017.09.08,68173,wow**,깔끔한 비즈니스 호텔,3.8,0
2017.09.04,68173,ill**,평범했습니다. 침대 편해요,3.8,0
2017.09.03,68173,sen**,편안하게 잘 지내다 갔습니다^^,3.5,0
2017.08.28,68173,wyh**,인테리어도 예쁘고 깨끗해요,3.8,0
2017.08.24,68173,jun**,침구가 깨끗했어요.,3.8,0
2017.08.22,68173,hop**,"굳
~~~~~~~~",3.5,0
2017.08.18,68173,sen**,깨끗하고 조용했습니다.,3.8,0
2017.08.10,68173,kob**,"그냥 뭐 그런
입니나",3.5,0
2017.08.01,68173,jhw**,침구가 좀더러웠어요,3.8,0
2017.07.21,68173,yeo**,화장실문 방음이 안되서 오줌싸고 똥싸는거 다들립니다,3.5,0
2017.07.19,68173,akf**,화장실 냄새만 빼면 다 만족,3.5,0
2017.07.16,68173,swe**,예전보다는 덜 깨끗하지만 그래도 다른데치곤 깨끗한듯,3.5,0
2017.07.10,68173,ksp**,"좋았는데~
너무좋았어요",3.5,0
2017.06.24,68173,jml**,무난해요 커플도 갠찮아요,3.5,0
2017.05.28,68173,jee**,나름 깔끔하고 괜찮아요,3.5,0
2017.04.01,68173,kih**,생각보다 방도크고 좋았어요~,3.8,0
2017.03.20,68173,ken**,나쁘진 않은데 주변이 좀 ,3.5,0
2022.12.01,68173,rom**,침구도 너무 안좋고 방청결상태도 안좋았어요 매우불편했어요,1.3,2
2022.07.03,68173,ojy**,주차도 안되고 냉장고도 없고 불친절하고 내 생에 제일 별로인 호텔? 이였습니다.,1.5,1
2018.09.04,68173,ccn**,불친절과 불청결한 룸컨디션으로 다른룸으로 옮겼는데 옮긴룸에도 바퀴벌레.. 최악이었습니다,1.5,1
2023.02.21,68173,won**,만족이고 추천하고싶습니다...,3.0,0
2022.11.29,68173,new**,"사용한듯한 베개
옷걸이 여유분 없다고?",3.0,1
2022.06.04,68173,new**,공사외부소음 외에는 양호,3.0,0
2022.05.04,68173,new**,"옆방 소음이 심함

시설 양호",3.0,0
2022.05.03,68173,dus**,위층 욕조 물 빼니 화장실에서 냄새가 ㅜ,3.0,0
2022.04.19,68173,new**,"시설 양호
노트북 사양 양호",3.0,0
2022.01.21,68173,new**,옆방에서 쿵쾅거려 시끄러움,3.0,0
2021.12.29,68173,new**,"1005호
뷰양호, 수압적당",3.3,0
2021.08.09,68173,sac**,좋아요~~~~~!!!!,3.3,0
2020.12.20,68173,apa**,"ㄹㅇㅇ
ㅇㅇㅇ

ㅇㅇㅇㅇ
",3.0,0
2020.06.19,68173,dip**,"깨끗하고
조용하고 좋았어요",3.3,0
2020.04.16,68173,zer**,쏘쏘쏘쏘쏘쏘쏘쏘쏘쏘,3.3,0
2019.07.23,68173,tti**,"나이스 ㅎㅎ
괜찮아요",3.3,0
2019.07.21,68173,soj**,다른컷은 모르고 그냥 평타,3.3,0
2019.04.29,68173,cof**,시설에 고장난게 잇거나 청소가 덜된부분이 있었습니다,3.0,0
2019.04.20,68173,tw0**,에어컨작동이 안돼서 더운거 빼곤 괜찮습니다.,3.0,0
2019.04.19,68173,tan**,하루 묵기엔 무난한 편 입니다,3.0,0
2019.04.08,68173,kmk**,방 배치(배열)이 좋습니다.,3.3,0
2019.03.03,68173,vke**,수건에 머리카락이 너무 많아요 ㅠㅠ 시설은 좋아요 !,3.3,0
2019.01.07,68173,red**,담배 냄새가 장난아니게 많이 났네요. ,3.3,0
2019.01.01,68173,dh5**,"침구에 머리카락이 꽤많네요.
더러워요",3.0,0
2018.12.26,68173,dla**,낫배드 했습니다아아,3.0,0
2018.12.21,68173,vpv**,나름 깨끗해보였고 침구가 좀 무거웠다,3.3,0
2018.11.26,68173,jea**,그럭저럭 깨끗한 모텔수준 이었어요,3.0,0
2018.11.07,68173,ram**,그냥 무난무난 했어요,3.0,0
2018.09.27,68173,xpa**,그저 그런 시설이었어요,3.0,0
2018.09.13,68173,ang**,"핸드폰이 안터짐, 환기요망
",3.0,0
2018.09.12,68173,ang**,핸드폰이 잘 안터져요,3.3,0
2018.09.11,68173,ang**,환기가 안되어있어서 머리가 아팠음,3.3,0
2018.08.18,68173,jin**,청결도나 친절도가 별로였음,3.3,0
2018.08.09,68173,suz**,방 구성 좋았어요. ,3.3,0
2018.08.04,68173,ksm**,"세면대 배수문제
방금 치운듯한 방 컨디션",3.0,0
2018.07.23,68173,wjd**,가격대비 나쁘지않았습니다.,3.0,0
2018.07.17,68173,gay**,깨끗해서 쾌적하게 이용했습니다,3.3,0
2018.06.25,68173,kyu**,침구가 별로임 그냥 하루 지냄,3.3,0
2018.04.11,68173,swe**,점점 청소가 깨끗하진 않은것같아요,3.0,0
2018.04.01,68173,psy**,매우 좋았습니다.,3.0,0
2018.03.19,68173,kjk**,침구깨끗해서 좋았어요,3.3,0
2018.02.10,68173,na7**,드라이한응대 그닥인 룸컨디션,3.3,0
2018.01.07,68173,lar**,괜찮아요 걔끗하공요,3.0,0
2017.12.19,68173,sws**,적절합니다 적절적절,3.0,0
2017.12.11,68173,coo**,방에물도하나없음 별루임,3.0,0
2017.11.08,68173,kar**,비지니스로는 괜찮아요,3.0,0
2017.11.03,68173,kar**,비즈니스차 이용했는데 그정도로 만족합니다,3.0,0
2017.11.02,68173,bae**,침구가 쫌.... 그랫네요,3.0,0
2017.10.27,68173,myv**,그냥그냥 무난했어요,3.0,0
2017.10.26,68173,cul**,으슥한 곳에 있지만 방이 따뜻해요,3.3,0
2017.10.26,68173,cul**,위치빼고 만족합니다,3.3,0
2017.10.21,68173,yea**,나쁘지 않았어요 담에 또 이용하고싶네요,3.3,0
2017.10.19,68173,rhd**,조용해서 좋았어요 ~,3.0,0
2017.10.19,68173,yea**,전반적으로 깔끔했습니다,3.0,0
2017.10.15,68173,swe**,침대가편해요~~^^,3.0,0
2017.10.09,68173,ckw**,그냥저냥 9시체크인은 좁ㅊㅊㅎㅎ,3.0,0
2017.09.26,68173,dld**,그냥...그저그랬어요,3.0,0
2017.09.25,68173,jty**,좋았습니다 잘잤어요,3.3,0
2017.09.17,68173,xk5**,"좋아요~방은
화장실커요",3.3,0
2017.08.27,68173,sjk**,직원 특히 여자직원이 불친절했어요,3.3,0
2017.08.17,68173,sto**,적당히 괜찮아요. ,3.3,0
2017.08.14,68173,nad**,"변기 고장에, 세면대 물 너무 안빠짐",3.3,0
2017.08.12,68173,suy**,그냥 그래요 평범,3.0,0
2017.06.08,68173,heo**,좋아요. 단지 주변에 비해 조금 비싸요.,3.3,0
2017.05.23,68173,rud**,깨끗하고 좋았습니다.,3.3,0
2023.03.10,68173,rer**,담배냄새 좋아하는 사람만 가세요.,2.5,0
2022.05.28,68173,hye**,전체적으로 청소가 엉망이었음,2.5,1
2022.01.09,68173,fre**,스위치 부분이 청소가 되어있지 않았습니다.,2.8,0
2021.09.18,68173,two**,객실 및 화장실 청결도가 다소 떨어집니다ㅠ,2.5,1
2021.02.21,68173,hli**,그냥저냥 괜찮아요 ㅎ,2.8,0
2021.01.09,68173,wie**,새벽 6시부터 시끄러워서 잠을 못잤네여 ,2.5,1
2020.08.22,68173,fer**,사진에 비해서 방 사이즈가 넘 작았습니다.,2.3,0
2020.03.17,68173,ssw**,"가격대그대로
욕조는좋앗어요",2.8,0
2018.10.12,68173,she**, 오래된 건물이었지만 나름 괜찮았어요,2.8,0
2018.09.05,68173,kmk**,침구가 깨끗하지 않았던 것 같아서 조금 불편했습니다~,2.3,0
2018.09.01,68173,kuk**,내부 시설이 낡았고 샤워시설이 조금 불편했어요,2.5,0
2018.08.21,68173,ste**,방바닥에 오일이 뭍어있나 미끄러웠어요,2.8,0
2018.08.07,68173,osu**,그저그냥.......,2.5,1
2018.08.05,68173,2yo**,가격대비 별로 그냥 모텔,2.5,0
2018.08.04,68173,gla**,직원불친절함기분상함,2.5,1
2018.07.04,68173,fin**,비즈니스센터 없어요. 수압 약해요,2.8,0
2018.04.29,68173,77s**,직원분이 불친절했어요..그리고 물맛이 이상했어요..,2.3,1
2018.03.05,68173,mo0**,방음이최악이에요~~,2.3,0
2018.01.24,68173,mo0**,"방음이안되요~~
시설은양호해요",2.8,0
2017.11.11,68173,ekg**,19만원짜리 방이라고는 할수 없네요 ,2.8,1
2017.11.10,68173,bun**,온도가 너무 높은데 조절이 안됌,2.5,0
2017.10.18,68173,bun**,청소가 별로여서 실망,2.5,1
2017.08.29,68173,sfn**,침대위에 머리카락이 있더라구요,2.5,0
2021.07.08,68173,car**,정말불친절해요 최악이에요,1.0,1
2020.05.03,68173,sun**,너무 외진곳ᆢ 그리고 욕조ᆢ ㅠ,2.0,0
2020.04.15,68173,nuj**,치ㅁ구도 더럽고 사진과 많이 다름,2.0,1
2020.01.16,68173,por**,오래된건물인줄 몰랐어요 ㅠ 저는 별루였어용,2.0,0
2019.10.21,68173,esy**,별로예요 별로예요,2.0,0
2019.08.05,68173,dlw**,사진과다른방이구전체적으로위생상타가별로,1.3,1
2019.06.19,68173,jee**,베게 이불 냄새에 잠 설쳤어요,1.8,1
2018.12.26,68173,lke**,사진이랑 숙소가 너무 달라서 놀랐고 걍 모텔임,1.3,1
2018.07.08,68173,hye**,모든게 생애 최악호텔,1.0,1
2018.05.11,68173,key**,데일리호텔 전화받으세요,1.0,1
2018.02.06,68173,dlt**,칭구가 부싲있잏ㅇ늬으,2.0,0
2017.11.05,68173,702**,가격대비 좋은거지만 ..,1.0,1
2017.11.05,68173,kmj**,해ㅅ빛이 하나도 안들어오,2.0,0
2017.11.01,68173,ari**,걍 모텔임~~위치도 언덕배기,1.5,1
2017.10.30,68173,des**,엄청 시끄러움 잠설침,1.0,1
2017.10.11,68173,ren**,쏘쏘 가격대비는 굿,1.8,0
